X,Y,TEMA,SURVEY,TEXTSTRING,OBJECTID
-6.27084284197612,54.7425333935293,MOTORWAY,20060309,M 22,1
-6.2247099486512,54.4898421850805,MOTORWAY,20050114,M 1,2
-6.42684965343315,54.4569727658274,MOTORWAY,20050114,M 12,3
-6.43722777690627,54.4676523128676,MOTORWAY,20050114,M 1,4
-6.71717133304191,54.4923838485873,MOTORWAY,20060307,M 1,5
-6.57498600598791,54.4808892933327,MOTORWAY,20060307,M 1,6
-5.99799596139555,54.5553022443751,MOTORWAY,20031029,3,7
-6.25828729980834,54.8813572465457,MOTORWAY,20060309,M 2,8
-6.15709963509793,54.722907149781,MOTORWAY,20060309,6,9
-6.18718170928369,54.7399127085872,MOTORWAY,20060309,7,10
-6.29838116192175,54.7415013248668,MOTORWAY,20060309,2,11
-6.23833511305535,54.7470428774307,MOTORWAY,20060309,1,12
-6.14197696563136,54.7217031547278,MOTORWAY,20060309,M 2,13
-6.0756178964746,54.7096226959297,MOTORWAY,20031015,5,14
-5.90837449132112,54.6540634800012,MOTORWAY,20031015,M 5,15
-6.00903291076214,54.6926594923188,MOTORWAY,20031015,M 2,16
-5.97849230491806,54.6812821533741,MOTORWAY,20031015,A 8(M),17
-5.91867606525986,54.6175716270008,MOTORWAY,20031029,M 2,18
-5.99487681971704,54.5631670490691,MOTORWAY,20031029,M 1,19
-5.48880716855555,54.5693504889311,A_CLASS,20031024,A 2,20
-5.45375465804041,54.4905488355334,A_CLASS,20031024,A 2,21
-5.50686679307867,54.415061262611,A_CLASS,20031024,A 2,22
-5.61138923375803,54.6718745106401,A_CLASS,20031029,A 2,23
-5.74838761225639,54.7398340827056,A_CLASS,20031029,A 2,24
-5.72781959194397,54.7630216484437,A_CLASS,20031029,A 2,25
-5.7581540210015,54.8109953134731,A_CLASS,20050202,A 2,26
-5.73503181254656,54.547922597372,A_CLASS,20050702,A 21,27
-5.80593649134323,54.5182492636567,A_CLASS,20050702,A 23,28
-5.81339938284411,54.4826212640179,A_CLASS,20031024,A 21,29
-5.83396351303405,54.4742409894173,A_CLASS,20031024,A 7,30
-5.73821698388747,54.5916986810205,A_CLASS,20050702,A 20,31
-5.78457755581471,54.5769867061637,A_CLASS,20050702,A 22,32
-5.77448246469084,54.5306945139084,A_CLASS,20050702,A 21,33
-5.60551436761981,54.5523564190438,A_CLASS,20050702,A 20,34
-5.66660728952239,54.5759975088005,A_CLASS,20050702,A 20,35
-5.70188216376229,54.5673208890971,A_CLASS,20050702,A 21,36
-5.55883295921818,54.5319807563441,A_CLASS,20050702,A 20,37
-5.7361793224838,54.5521959782287,A_CLASS,20050702,A 211,38
-5.73149760636882,54.5293472575822,A_CLASS,20050702,A 22,39
-5.58135808748075,54.6396075590976,A_CLASS,20050702,A 48,40
-5.63857159077271,54.623461268638,A_CLASS,20050702,A 48,41
-5.83410660295907,54.5952484668596,A_CLASS,20050702,A 20,42
-5.67559887084231,54.6205005893188,A_CLASS,20050702,A 21,43
-5.7358461360768,54.646422166308,A_CLASS,20050702,A 2,44
-5.80722155396829,54.4396187296064,A_CLASS,20031024,A 7,45
-5.53723044814352,54.4190010772361,A_CLASS,20031024,A 20,46
-5.54717412137141,54.3406085055371,A_CLASS,20060306,A 2,47
-5.58467968452496,54.3576705111129,A_CLASS,20031024,A 25,48
-5.83681346167046,54.3289494638472,A_CLASS,20060306,A 24,49
-5.76698636946824,54.3037707755816,A_CLASS,20060306,A 25,50
-5.6757413612007,54.3530459271015,A_CLASS,20060306,A 25,51
-5.74465751789793,54.3793370806144,A_CLASS,20031024,A 7,52
-5.67612182604898,54.3876945153856,A_CLASS,20031024,A 22,53
-5.84019708822353,54.4572475531942,A_CLASS,20031024,A 21,54
-5.63000978889322,54.2604018127002,A_CLASS,20060306,A 2,55
-5.69850164319746,54.2522818258491,A_CLASS,20060306,A 2,56
-5.79834035766419,54.2757195414311,A_CLASS,20060306,A 2,57
-5.84628070904935,54.2867978488226,A_CLASS,20060306,A 25,58
-6.10595084300146,55.0186624665423,A_CLASS,20050202,A 43,59
-5.97830087833262,55.0139870333239,A_CLASS,20050202,A 2,60
-6.09489004413038,55.1418986824821,A_CLASS,20050124,A 2,61
-6.00518304905514,55.0576611136693,A_CLASS,20050202,A 2,62
-5.89436702706242,54.9313351988851,A_CLASS,20050202,A 2,63
-6.01670064010115,54.9446296768919,A_CLASS,20050202,A 42,64
-5.89770690735783,54.8144112486235,A_CLASS,20050202,A 8,65
-5.98511720791786,54.8257479460987,A_CLASS,20050202,A 36,66
-6.08160471063013,54.7072591565273,A_CLASS,20031015,A 57,67
-6.06955955182455,54.7036373843925,A_CLASS,20031015,A 6,68
-6.1320612505238,54.8291560190695,A_CLASS,20050202,A 36,69
-5.96425776597633,54.6867992611975,A_CLASS,20031015,A 8,70
-5.97119605168685,54.6770255852436,A_CLASS,20031015,A 6,71
-6.01148264767287,54.7395442191683,A_CLASS,20031015,A 57,72
-5.96566007715067,54.7295468844477,A_CLASS,20031015,A 8,73
-5.8573516326959,54.6959960986292,A_CLASS,20031015,A 2,74
-6.11310586449987,54.6339045939981,A_CLASS,20031029,A 52,75
-5.87122032462973,54.5801821874778,A_CLASS,20031029,A 55,76
-5.91086765051624,54.5646612346111,A_CLASS,20031029,A 24,77
-5.97528239979107,54.6021484968164,A_CLASS,20031029,A 55,78
-5.98294512882345,54.58296215562,A_CLASS,20031029,A 501,79
-5.95533465521954,54.5748878217726,A_CLASS,20031029,A 1,80
-5.94114880316812,54.5946567540399,A_CLASS,20031029,A 12,81
-5.95341543145981,54.6319532915529,A_CLASS,20031029,A 55,82
-5.93808996785116,54.6301671500385,A_CLASS,20031029,A 6,83
-5.92419196904329,54.634821667266,A_CLASS,20031029,A 2,84
-5.85095503827721,54.6273196038426,A_CLASS,20031029,A 2,85
-5.97586894490692,54.6190897790784,A_CLASS,20031029,A 52,86
-6.06235627490754,54.5214843013837,A_CLASS,20031029,A 30,87
-5.89578953359797,54.5369541844049,A_CLASS,20031029,A 24,88
-6.01959453490791,54.5484218856869,A_CLASS,20031029,A 512,89
-6.02857199906701,54.5326984648756,A_CLASS,20031029,A 1,90
-5.88417676197371,54.5177664553802,A_CLASS,20031029,A 7,91
-6.13934219833317,54.4993884044182,A_CLASS,20060309,A 3,92
-6.13036097214029,54.5431188078822,A_CLASS,20031029,A 30,93
-6.09397634177438,54.5492386441285,A_CLASS,20031029,A 501,94
-5.90550831301501,54.4710487917065,A_CLASS,20060309,A 24,95
-6.09136320312854,54.5291635526736,A_CLASS,20031029,A 30,96
-5.87241641841022,54.4341700209062,A_CLASS,20060309,A 21,97
-5.86598327603015,54.3740608538054,A_CLASS,20060309,A 24,98
-5.94932375787752,54.4479708568156,A_CLASS,20060309,A 49,99
-6.10017425718236,54.4592955412568,A_CLASS,20060309,A 1,100
-6.08848865729568,54.2313360025941,A_CLASS,20060306,A 25,101
-5.91024490319797,54.2333550938901,A_CLASS,20060306,A 50,102
-5.86995134110774,54.2299800858805,A_CLASS,20060306,A 2,103
-5.87766908703006,54.1609434256961,A_CLASS,20060306,A 2,104
-5.90467012548373,54.2698502297342,A_CLASS,20060306,A 25,105
-6.01180049236562,54.2622660417496,A_CLASS,20060306,A 50,106
-6.07583907174164,54.2855317599527,A_CLASS,20060306,A 50,107
-6.07423908698449,54.0728675805866,A_CLASS,20060306,A 2,108
-5.95935918272557,54.0757055490842,A_CLASS,20060306,A 2,109
-6.29560117135798,55.2005943273606,A_CLASS,20050124,A 2,110
-6.28558328613948,55.1854044894172,A_CLASS,20050124,A 44,111
-6.36060487198329,55.036077128571,A_CLASS,20050131,A 44,112
-6.30764171481472,54.8858991372693,A_CLASS,20060309,A 26,113
-6.34551744701877,54.8517435004481,A_CLASS,20060309,A 42,114
-6.36559962186735,55.0104029403596,A_CLASS,20050131,A 26,115
-6.33561642881947,54.94886935827,A_CLASS,20050131,A 26,116
-6.24434604855518,54.9490360467257,A_CLASS,20050131,A 43,117
-6.26534587355752,54.8445065613387,A_CLASS,20060309,A 26,118
-6.1589859187618,54.9013292913097,A_CLASS,20060309,A 42,119
-6.27674127687665,54.7370366080581,A_CLASS,20060309,A 6,120
-6.15139919509236,54.6823043200824,A_CLASS,20060309,A 57,121
-6.1505365890294,54.7012677963044,A_CLASS,20060309,A 6,122
-6.21383395173278,54.7133008606337,A_CLASS,20060309,A 522,123
-6.21272872660742,54.7070784420232,A_CLASS,20060309,A 6,124
-6.17713406599271,54.6571267521385,A_CLASS,20060309,A 26,125
-6.2549369301343,54.7954991462458,A_CLASS,20060309,A 26,126
-6.41263368968936,54.7441799048407,A_CLASS,20060309,A 6,127
-6.20678059200926,54.5268206951375,A_CLASS,20050114,A 26,128
-6.19876070643154,54.6296734927972,A_CLASS,20050114,A 52,129
-6.20824041029009,54.6020165087845,A_CLASS,20050114,A 26,130
-6.183176592193,54.5799585662007,A_CLASS,20050114,A 30,131
-6.28173831302142,54.373248031876,A_CLASS,20050114,A 26,132
-6.27589843037969,54.340369491227,A_CLASS,20060306,A 26,133
-6.25708937157387,54.4692343369561,A_CLASS,20050114,A 3,134
-6.28383631246938,54.4188646438889,A_CLASS,20050114,A 26,135
-6.38790418907144,54.3988819536904,A_CLASS,20050114,A 50,136
-6.44582476686355,54.3851852054977,A_CLASS,20050114,A 27,137
-6.44515479993056,54.3535003527047,A_CLASS,20060306,A 51,138
-6.1988556903601,54.338231524161,A_CLASS,20060306,A 50,139
-6.29344092392722,54.3284207246052,A_CLASS,20060306,A 1,140
-6.37702785737478,54.3259289360587,A_CLASS,20060306,A 27,141
-6.1979455945862,54.3748276684349,A_CLASS,20050114,A 1,142
-6.25956977350704,54.3543645566065,A_CLASS,20060306,A 26,143
-6.32809206135521,54.3816982233326,A_CLASS,20050114,A 50,144
-6.40047479936715,54.3573291268398,A_CLASS,20060306,A 51,145
-6.40666202693897,54.4402880580515,A_CLASS,20050114,A 27,146
-6.40587976658639,54.4488252375195,A_CLASS,20050114,A 3,147
-6.43721081252762,54.4305235638218,A_CLASS,20050114,A 3,148
-6.454552692044,54.4123474861685,A_CLASS,20050114,A 27,149
-6.37803996229024,54.4517101473066,A_CLASS,20050114,A 3,150
-6.30551525935084,54.1335870691382,A_CLASS,20040906,A 2,151
-6.34554075576124,54.1332489069883,A_CLASS,20040906,A 1,152
-6.38398326059014,54.1844587750158,A_CLASS,20040906,A 25,153
-6.35429270197885,54.1875252042057,A_CLASS,20040906,A 1,154
-6.21670820726435,54.1010548620516,A_CLASS,20040906,A 2,155
-6.54638806956455,55.2095493086073,A_CLASS,20050121,A 2,156
-6.49614587364435,55.2228601460965,A_CLASS,20050121,A 2,157
-6.59238196717089,55.2061979904619,A_CLASS,20050121,A 2,158
-6.68261383218008,55.0700771815947,A_CLASS,20050131,A 29,159
-6.60322084044576,55.034315456631,A_CLASS,20050131,A 54,160
-6.48740794659794,55.0685136984883,A_CLASS,20050131,A 26,161
-6.69985083756933,55.1917051566174,A_CLASS,20050121,A 2,162
-6.62558632671628,55.1979640312434,A_CLASS,20050121,A 2,163
-6.6633617619628,55.1751364481237,A_CLASS,20050121,A 29,164
-6.700336847386,55.164956398075,A_CLASS,20050121,A 2,165
-6.64271480782746,55.1387770966949,A_CLASS,20050121,A 29,166
-6.66582673946892,55.1476128070562,A_CLASS,20050121,A 29,167
-6.65984601007862,55.1275551015876,A_CLASS,20050121,A 26,168
-6.67369408734817,55.1262683382679,A_CLASS,20050121,A 29,169
-6.6897006270449,55.1109272190227,A_CLASS,20050121,A 29,170
-6.57028881198338,55.0925881948997,A_CLASS,20050121,A 26,171
-6.61424618592942,55.0742629855486,A_CLASS,20050131,A 54,172
-6.68092011563742,55.0247100456106,A_CLASS,20050131,A 29,173
-6.68831443268726,54.9724844888967,A_CLASS,20050131,A 29,174
-6.56765121925986,54.971521090661,A_CLASS,20050131,A 54,175
-6.65792806187601,54.8415393097211,A_CLASS,20060308,A 42,176
-6.66536529041844,54.8796488380614,A_CLASS,20060308,A 29,177
-6.55743855266814,54.853521023079,A_CLASS,20060308,A 42,178
-6.50782548478279,54.8574052132773,A_CLASS,20060308,A 54,179
-6.45461851510591,54.8620197791728,A_CLASS,20060308,A 42,180
-6.52422360229853,54.9271531107953,A_CLASS,20060308,A 54,181
-6.6691320664115,54.7336983126016,A_CLASS,20060308,A 29,182
-6.65228329956428,54.7121808214837,A_CLASS,20060308,A 31,183
-6.53056976713056,54.7984212005198,A_CLASS,20060308,A 54,184
-6.50998865141311,54.8233236399328,A_CLASS,20060308,A 54,185
-6.61635168158742,54.803131284904,A_CLASS,20060308,A 6,186
-6.59146728869506,54.763772641162,A_CLASS,20060308,A 31,187
-6.62249761604772,54.8355391461903,A_CLASS,20060308,A 42,188
-6.71033207448622,54.6673524348487,A_CLASS,20060308,A 29,189
-6.69398948852885,54.7926146126113,A_CLASS,20060308,A 29,190
-6.69190536090295,54.8234454599088,A_CLASS,20060308,A 29,191
-6.68339922263835,54.8373961710184,A_CLASS,20060308,A 6,192
-6.6704154011229,54.5114967352507,A_CLASS,20060307,A 45,193
-6.74811601083308,54.5272523594004,A_CLASS,20060307,A 45,194
-6.75019049820989,54.6101737280146,A_CLASS,20060307,A 29,195
-6.46481060237629,54.4132240101304,A_CLASS,20060307,A 3,196
-6.5760102251809,54.3125832928527,A_CLASS,20060306,A 28,197
-6.50414084108581,54.4593816427671,A_CLASS,20060307,A 4,198
-6.71813516289677,54.462166998431,A_CLASS,20060307,A 29,199
-6.67364774228563,54.3754751262895,A_CLASS,20060307,A 29,200
-6.75622211770966,54.3498414520876,A_CLASS,20060306,A 28,201
-6.66073743569352,54.3275814607853,A_CLASS,20060306,A 29,202
-6.70847716840506,54.3208820012241,A_CLASS,20060306,A 3,203
-6.65761428986131,54.3427357786731,A_CLASS,20060306,A 3,204
-6.59999087905161,54.3630108569861,A_CLASS,20060306,A 3,205
-6.50003653459928,54.394337101534,A_CLASS,20060307,A 3,206
-6.56660104103903,54.3388328409117,A_CLASS,20060306,A 51,207
-6.68797985577894,54.2703916379651,A_CLASS,20060306,A 29,208
-6.68589370683331,54.2333222021979,A_CLASS,20060306,A 29,209
-6.56776318747528,54.143890767361,A_CLASS,20040921,A 29,210
-6.58829955965576,54.178323506341,A_CLASS,20040921,A 25,211
-6.5752213027084,54.1844616596818,A_CLASS,20040921,A 29,212
-6.51978569843765,54.1767150403971,A_CLASS,20040921,A 25,213
-6.60642382511867,54.2132847745734,A_CLASS,20040921,A 29,214
-6.49073362695258,54.2856967943874,A_CLASS,20060306,A 28,215
-6.50414870530166,54.0769335204305,A_CLASS,20040921,A 29,216
-6.65136571089142,54.0652759391371,A_CLASS,20040921,A 37,217
-6.60394561327552,54.047931147731,A_CLASS,20040921,A 37,218
-6.75337866943501,55.088478227991,A_CLASS,20040709,A 37,219
-6.75303098469922,55.1425825683495,A_CLASS,20050121,A 2,220
-6.94722350852059,55.1348171501507,A_CLASS,20050121,A 2,221
-6.86941082288477,55.0688952557095,A_CLASS,20040709,A 37,222
-6.93746398579792,55.0870704625407,A_CLASS,20040709,A 2,223
-6.9264680082857,55.0518894325971,A_CLASS,20040709,A 37,224
-6.99038900284884,55.0497432143327,A_CLASS,20040709,A 2,225
-6.92446698084726,54.9252248273922,A_CLASS,20030930,A 6,226
-7.05647325193527,54.9306552145531,A_CLASS,20030930,A 6,227
-6.75900253299937,54.8542667470183,A_CLASS,20030930,A 6,228
-6.8346878192528,54.9035514101186,A_CLASS,20030930,A 6,229
-6.81813341836917,54.4842898771967,A_CLASS,20030801,A 4,230
-6.79844472871887,54.4929956961942,A_CLASS,20030801,A 45,231
-6.92991177022562,54.4882597683402,A_CLASS,20030801,A 4,232
-6.77915237775028,54.5487597668219,A_CLASS,20030801,A 29,233
-6.88944410959356,54.656731412105,A_CLASS,20030801,A 505,234
-7.05274283482537,54.4723171740619,A_CLASS,20030801,A 5,235
-7.0542550543497,54.4472496454228,A_CLASS,20030801,A 4,236
-7.04280231686019,54.4262905981846,A_CLASS,20030801,A 28,237
-6.9943061959226,54.4353693929125,A_CLASS,20030801,A 5,238
-6.97509430069352,54.4053561871056,A_CLASS,20030801,A 5,239
-6.94709805948867,54.404314449034,A_CLASS,20030801,A 28,240
-6.78326364767675,54.2963668612159,A_CLASS,20030801,A 3,241
-6.86123079859267,54.2802643602542,A_CLASS,20030801,A 3,242
-7.28026097920424,55.0372090423852,A_CLASS,20040709,A 2,243
-7.30907802921606,55.0328191014335,A_CLASS,20040709,A 515,244
-7.35195831741408,55.0312816853323,A_CLASS,20040709,A 2,245
-7.24732748432737,55.0264828487036,A_CLASS,20040709,A 2,246
-7.12991928035806,55.0334234538355,A_CLASS,20040709,A 2,247
-7.36799113076715,54.9543598962929,A_CLASS,20040709,A 5,248
-7.27924256417541,54.9926633519947,A_CLASS,20040709,A 514,249
-7.29321919269681,55.0174891915471,A_CLASS,20040709,A 515,250
-7.24022632637407,54.9570305598327,A_CLASS,20040709,A 6,251
-7.34809771413634,54.6698695407948,A_CLASS,20041001,A 5,252
-7.37130287366373,54.7221611715236,A_CLASS,20041001,A 5,253
-7.14153810482014,54.4918912173532,A_CLASS,20060307,A 5,254
-7.23950291618161,54.5457993699516,A_CLASS,20060307,A 5,255
-7.15265036280968,54.6494690910217,A_CLASS,20060307,A 505,256
-7.32758370577984,54.5865361853593,A_CLASS,20060307,A 32,257
-7.32178744222405,54.6055599778199,A_CLASS,20060307,A 5,258
-7.34883805183401,54.3453837890209,A_CLASS,20060307,A 4,259
-7.23850617756749,54.3902433576505,A_CLASS,20060307,A 4,260
-7.10504496750128,54.4387172510086,A_CLASS,20060307,A 4,261
-7.09710416281175,54.4276065326818,A_CLASS,20060307,A 28,262
-7.34207666567183,54.1278907829499,A_CLASS,20050118,A 3,263
-7.275084313323,54.1579772537226,A_CLASS,20050118,A 3,264
-7.30601215378279,54.1739899168435,A_CLASS,20050118,A 34,265
-7.42492899542365,54.873325335525,A_CLASS,20040709,A 5,266
-7.38826790926219,54.9676448027791,A_CLASS,20040709,A 40,267
-7.45978214083595,54.8377429246356,A_CLASS,20040709,A 5,268
-7.47689639941833,54.8312697621836,A_CLASS,20040709,A 38,269
-7.47511005150374,54.7969834180722,A_CLASS,20041001,A 5,270
-7.48158598140181,54.814665803367,A_CLASS,20040709,A 5,271
-7.66987514182551,54.4906961586776,A_CLASS,20060307,A 35,272
-7.40575963705668,54.5455948706034,A_CLASS,20060307,A 32,273
-7.54472482040272,54.4992077994331,A_CLASS,20060307,A 32,274
-7.68519854091221,54.3153309841965,A_CLASS,20060303,A 32,275
-7.5950033446249,54.3217401564868,A_CLASS,20060303,A 4,276
-7.62740975670323,54.4072279812849,A_CLASS,20060307,A 32,277
-7.59109004725271,54.4814875329268,A_CLASS,20060307,A 32,278
-7.65433339185659,54.3255312614312,A_CLASS,20060303,A 509,279
-7.68074139272463,54.3236384471387,A_CLASS,20060303,A 4,280
-7.47380674338437,54.300086098108,A_CLASS,20060303,A 4,281
-7.418755601847,54.231496806236,A_CLASS,20050118,A 34,282
-7.46275887022131,54.2971504681499,A_CLASS,20060303,A 4,283
-7.5488177420422,54.1770243336178,A_CLASS,20050118,A 509,284
-7.63672086520999,54.2686193008852,A_CLASS,20060303,A 509,285
-7.46635287125452,54.2865710158464,A_CLASS,20060303,A34,286
-7.68888987391089,54.3020178280621,A_CLASS,20060303,A 32,287
-8.01440205553204,54.4829489684984,A_CLASS,20060306,A 47,288
-8.05968670509616,54.4692560970372,A_CLASS,20060306,A 46,289
-7.69814074803603,54.2619382926111,A_CLASS,20060303,A32,290
-7.79940273583901,54.2975406443978,A_CLASS,20060303,A4,291
-7.6973710775133,54.2947276630374,A_CLASS,20060303,A32,292
-7.70208892366461,54.2164230513407,A_CLASS,20060303,A32,293
-7.92358725967971,54.4713839167098,A_CLASS,20060306,A 46,294
-7.69726965535778,54.3881902161856,A_CLASS,20060306,A 46,295
-7.76258503370371,54.540599050584,A_CLASS,20060306,A 35,296
-7.83886085111738,54.512897645224,A_CLASS,20060306,A 47,297
-5.52649866805913,54.5368658781694,B_CLASS,20031024,B 5,298
-5.49095149079302,54.4656881540565,B_CLASS,20031024,B 173,299
-5.73982140842783,54.8409190736583,B_CLASS,20050202,B 90,300
-5.75628216658646,54.8287753186641,B_CLASS,20050202,B 90,301
-5.77793569056594,54.7533229434385,B_CLASS,20031029,B 149,302
-5.75575157442794,54.7554982893542,B_CLASS,20031029,B 90,303
-5.71287892317178,54.7683434545948,B_CLASS,20031029,B 150,304
-5.82287566739867,54.7346760412847,B_CLASS,20031029,B 90,305
-5.71734009932616,54.6600405683208,B_CLASS,20031029,B 20,306
-5.60073562439931,54.6511202672287,B_CLASS,20031029,B 21,307
-5.62779500277185,54.6724550044423,B_CLASS,20031029,B 511,308
-5.81690559893885,54.7935667533404,B_CLASS,20050202,B 149,309
-5.71329265599976,54.8133633420207,B_CLASS,20050202,B 150,310
-5.72022708967942,54.8051898700978,B_CLASS,20050202,B 90,311
-5.80062149593853,54.5355079498685,B_CLASS,20050702,B 178,312
-5.83707808581051,54.5251727000251,B_CLASS,20050702,B 178,313
-5.78657033574287,54.6183164012682,B_CLASS,20050702,B 170,314
-5.64316029962232,54.5979073952665,B_CLASS,20050702,B 172,315
-5.57021031331213,54.6050504926467,B_CLASS,20050702,B 172,316
-5.71682397889034,54.43230835626,B_CLASS,20031024,B 6,317
-5.7426724431594,54.3988702140182,B_CLASS,20031024,B 7,318
-5.65366049538053,54.2931119700755,B_CLASS,20060306,B 1,319
-5.80209145594134,54.3998246936456,B_CLASS,20031024,B 7,320
-5.79952321458624,54.3701734789034,B_CLASS,20031024,B 2,321
-5.84091897518019,54.4621644835227,B_CLASS,20031024,B 6,322
-5.77633175619832,54.4571710618023,B_CLASS,20031024,B 6,323
-5.67774075771698,54.2833465240806,B_CLASS,20060306,B 176,324
-6.06650248583871,55.1309424742814,B_CLASS,20050124,B 92,325
-6.06608341186343,55.1148716110022,B_CLASS,20050124,B 92,326
-5.9851523111412,54.9331456230332,B_CLASS,20050202,B 97,327
-5.88031671418727,54.8910402338606,B_CLASS,20050202,B 148,328
-5.84693365918461,54.7928479737786,B_CLASS,20050202,B 99,329
-5.88486846080868,54.8066527028637,B_CLASS,20050202,B 100,330
-5.82495283814425,54.8214407023015,B_CLASS,20050202,B 99,331
-6.08349628325716,54.6998125598525,B_CLASS,20031015,B 95,332
-6.13669335937953,54.6771703511285,B_CLASS,20031015,B 39,333
-6.08453833608664,54.7235489487582,B_CLASS,20031015,B 95,334
-6.13016328225071,54.7813294403359,B_CLASS,20031015,B 59,335
-6.09293057319581,54.8193070665796,B_CLASS,20050202,B 94,336
-5.93447455912768,54.7573685224818,B_CLASS,20031015,B 95,337
-5.94103676244934,54.6677563877462,B_CLASS,20031015,B 513,338
-5.95458631853072,54.6883298385933,B_CLASS,20031015,B 90,339
-6.0211261697152,54.6845818285964,B_CLASS,20031015,B 95,340
-5.97236793502903,54.6669449709824,B_CLASS,20031015,B 95,341
-5.8493119009782,54.7345114740171,B_CLASS,20031015,B 58,342
-5.85693556034393,54.7077007999283,B_CLASS,20031015,B 90,343
-5.87815369707669,54.7021636657584,B_CLASS,20031015,B 90,344
-5.99448738110658,54.7450185645784,B_CLASS,20031015,B 95,345
-6.01120479495156,54.7278367641275,B_CLASS,20031015,B 56,346
-6.02452167943367,54.7234307725646,B_CLASS,20031015,B 59,347
-6.01808110138742,54.7688542190832,B_CLASS,20031015,B 94,348
-6.02949356665756,54.7421509616601,B_CLASS,20031015,B 95,349
-5.92699476822314,54.6963618047285,B_CLASS,20031015,B 90,350
-5.98908819074316,54.6838514680109,B_CLASS,20031015,Hotel,351
-6.1332446269426,54.6241374523026,B_CLASS,20031029,B 101,352
-6.12113219751682,54.5947852881733,B_CLASS,20031029,B 101,353
-6.09025685558721,54.6072807611412,B_CLASS,20031029,B 154,354
-6.10032790476508,54.6244471137751,B_CLASS,20031029,B 154,355
-5.84141441459081,54.6355582235887,B_CLASS,20031029,B 198,356
-5.8702174823005,54.6078532878114,B_CLASS,20031029,B 505,357
-5.9363455566466,54.5940494484618,B_CLASS,20031029,B503,358
-5.95406303852943,54.5960360359543,B_CLASS,20031029,B 38,359
-5.95460470176866,54.605112473217,B_CLASS,20031029,B 39,360
-5.95878657056928,54.6232769221055,B_CLASS,20031029,B 502,361
-6.01080542734358,54.5672613318828,B_CLASS,20031029,B 102,362
-6.02211240545498,54.580656498257,B_CLASS,20031029,B 38,363
-5.94538949061741,54.5721949874044,B_CLASS,20031029,B 23,364
-5.9130120056128,54.5854869747873,B_CLASS,20031029,B 506,365
-6.06390802539537,54.5913174079497,B_CLASS,20031029,B 154,366
-6.06283303738419,54.6430785902979,B_CLASS,20031029,B 39,367
-6.0628322940877,54.5254553199184,B_CLASS,20031029,B 101,368
-5.94262713902447,54.545955786741,B_CLASS,20031029,B 23,369
-5.98140333162228,54.5395133213351,B_CLASS,20031029,B 103,370
-5.98419499736519,54.5215244858914,B_CLASS,20031029,B 23,371
-5.94388502550952,54.5359761664308,B_CLASS,20031029,B 205,372
-6.02104329506139,54.4741511827848,B_CLASS,20060309,B 178,373
-5.93057149349828,54.4999770123605,B_CLASS,20060309,B 178,374
-5.92782835388151,54.4786423361888,B_CLASS,20060309,B 6,375
-6.07306731198795,54.5378312519052,B_CLASS,20031029,B 101,376
-5.87432688937268,54.4021950979295,B_CLASS,20060309,B 7,377
-6.03793307152054,54.3563103095145,B_CLASS,20060306,B 7,378
-5.89290296741794,54.33584897294,B_CLASS,20060306,B 175,379
-5.85907735406728,54.3905183807949,B_CLASS,20060309,B 2,380
-5.97957172120537,54.4333268098949,B_CLASS,20060309,B 77,381
-6.02137611475547,54.4082221453876,B_CLASS,20060309,B 2,382
-6.14857645192491,54.2822886808896,B_CLASS,20060306,B 25,383
-6.13549724011464,54.26839042163,B_CLASS,20060306,B 7,384
-6.15359314683715,54.2194355651489,B_CLASS,20060306,B 25,385
-5.96883692718015,54.2235592575607,B_CLASS,20060306,B 180,386
-5.8826621670374,54.2423288507009,B_CLASS,20060306,B 180,387
-5.92119948503593,54.2766857862692,B_CLASS,20060306,B 175,388
-6.1614505177728,54.1923740758393,B_CLASS,20060306,B 8,389
-6.15505003884739,54.1529978832914,B_CLASS,20060306,B 25,390
-6.04746484808194,54.1365556076557,B_CLASS,20060306,B 27,391
-6.06863642077217,54.1852376356191,B_CLASS,20060306,B 27,392
-6.1184927872503,54.1973436741043,B_CLASS,20060306,B 27,393
-6.11050786599983,54.2113173105091,B_CLASS,20060306,B 8,394
-6.09029542186663,54.2025504745059,B_CLASS,20060306,B 180,395
-6.01031830474988,54.074184624399,B_CLASS,20060306,B 27,396
-6.31635204057914,55.2239558135882,B_CLASS,20050124,B 15,397
-6.34873231133943,55.2029403131094,B_CLASS,20050124,B 17,398
-6.35868372766575,55.2081479608937,B_CLASS,20050124,B 147,399
-6.42971381848606,55.0698053403669,B_CLASS,20050131,B 16,400
-6.41855385389612,55.0875543112656,B_CLASS,20050131,B 15,401
-6.41644773457005,55.0680766087382,B_CLASS,20050131,B 16,402
-6.38124025290401,55.1140914011813,B_CLASS,20050124,B 15,403
-6.37438971502884,55.1507496714416,B_CLASS,20050124,B 147,404
-6.3394629006909,55.1745329862901,B_CLASS,20050124,B 67,405
-6.3525488063896,55.1409389003552,B_CLASS,20050124,B 147,406
-6.22164230546811,55.1926249174316,B_CLASS,20050124,B 15,407
-6.12981061399498,55.0364607859355,B_CLASS,20050131,B 14,408
-6.29980369389637,54.8412645787741,B_CLASS,20060309,B 18,409
-6.43244259367374,54.8815861860043,B_CLASS,20060309,B 96,410
-6.333025094166,54.8817250936098,B_CLASS,20060309,B 62,411
-6.38152709868793,54.8796638097181,B_CLASS,20060309,B 96,412
-6.36684715630949,54.8646849656185,B_CLASS,20060309,B 93,413
-6.36930385633729,54.8416953152257,B_CLASS,20060309,B 93,414
-6.36605267805141,54.9889496514784,B_CLASS,20050131,B 93,415
-6.36504727848917,54.9245782593219,B_CLASS,20060309,B 93,416
-6.42568307848679,54.9624650030874,B_CLASS,20050131,B 64,417
-6.32778652153704,54.9591667908111,B_CLASS,20050131,B 64,418
-6.31951961637068,54.9846555347929,B_CLASS,20050131,B 94,419
-6.40096614983576,55.004049416984,B_CLASS,20050131,B 16,420
-6.37040830448041,54.9722025898256,B_CLASS,20050131,B 93,421
-6.3987977220285,54.9124341367728,B_CLASS,20060309,B 62,422
-6.26629988929882,54.9537373823482,B_CLASS,20050131,B 94,423
-6.2360189005912,54.9818919340225,B_CLASS,20050131,B 64,424
-6.23182059172704,54.919768729142,B_CLASS,20060309,B 94,425
-6.15577151973419,54.8637124364206,B_CLASS,20060309,B 94,426
-6.19145825705004,54.8149487621053,B_CLASS,20060309,B 59,427
-6.18362865070348,54.8238489908096,B_CLASS,20060309,B 53,428
-6.25245982678886,54.7763901967091,B_CLASS,20060309,B 53,429
-6.17077398715434,54.7172056435636,B_CLASS,20060309,B 95,430
-6.15428032089344,54.7172651712569,B_CLASS,20060309,B 95,431
-6.20160325904764,54.7258126793983,B_CLASS,20060309,B 518,432
-6.20080417529021,54.8049666322384,B_CLASS,20060309,B 98,433
-6.37828122002141,54.796221402025,B_CLASS,20060309,B 52,434
-6.3633337185709,54.7939830893394,B_CLASS,20060309,B 18,435
-6.34626187171488,54.7920304865421,B_CLASS,20060309,B 93,436
-6.24955909750881,54.5086601945437,B_CLASS,20050114,B 105,437
-6.17505086744691,54.5342364215417,B_CLASS,20050114,B 104,438
-6.31334202285216,54.545570306685,B_CLASS,20050114,B 156,439
-6.28519914424239,54.5127116670236,B_CLASS,20050114,B 12,440
-6.42752983374899,54.4920242817394,B_CLASS,20050114,B 2,441
-6.22346018546938,54.601593336935,B_CLASS,20050114,B 12,442
-6.27053046860047,54.571038535857,B_CLASS,20050114,B 156,443
-6.1564234337222,54.5893131132308,B_CLASS,20050114,B 38,444
-6.24556781153985,54.5797143609429,B_CLASS,20050114,B 12,445
-6.26620396781357,54.4474194583499,B_CLASS,20050114,B 9,446
-6.28268710889525,54.4511523799819,B_CLASS,20050114,B 2,447
-6.26651031252976,54.4278612053724,B_CLASS,20050114,B 9,448
-6.21932684323612,54.4231172522813,B_CLASS,20050114,B 2,449
-6.16495308912628,54.4054603862562,B_CLASS,20050114,B 2,450
-6.44221716501271,54.4011297718182,B_CLASS,20050114,B 78,451
-6.30142936004031,54.3191944264475,B_CLASS,20060306,B 3,452
-6.45774807725793,54.3274668539099,B_CLASS,20060306,B 3,453
-6.45328841697924,54.328874381211,B_CLASS,20060306,B 131,454
-6.46405717503332,54.3019292700907,B_CLASS,20060306,B 114,455
-6.33086235162191,54.3222400237148,B_CLASS,20060306,B 3,456
-6.16125003080016,54.3462803958964,B_CLASS,20060306,B 25,457
-6.23725470471281,54.3244183408008,B_CLASS,20060306,B 10,458
-6.35847791296942,54.398380126389,B_CLASS,20050114,B 3,459
-6.31667584484018,54.3448595184781,B_CLASS,20060306,B 10,460
-6.36345909357194,54.3564776173891,B_CLASS,20060306,B 3,461
-6.40139946021882,54.4226534495948,B_CLASS,20050114,B 2,462
-6.27852386447061,54.3031612605258,B_CLASS,20060306,B 3,463
-6.43877191665226,54.338565588183,B_CLASS,20060306,B 2,464
-6.46240190473707,54.2889699223588,B_CLASS,20060306,B 2,465
-6.42009215441062,54.2856684915804,B_CLASS,20060306,B 114,466
-6.37562053230055,54.272120958586,B_CLASS,20060306,A 27,467
-6.30814118953409,54.2770330439509,B_CLASS,20060306,A 1,468
-6.24417671211085,54.2737208453666,B_CLASS,20060306,B 3,469
-6.16879755424469,54.2804041804681,B_CLASS,20060306,B 10,470
-6.16260357593875,54.255888810441,B_CLASS,20060306,B 10,471
-6.20348866364839,54.2516901476784,B_CLASS,20060306,B 3,472
-6.25663929907033,54.2272063132322,B_CLASS,20060306,A 25,473
-6.20335321340599,54.2131445084163,B_CLASS,20040906,B 7,474
-6.32634861848141,54.2179185183526,B_CLASS,20040906,A 1,475
-6.36646604040973,54.2322480801204,B_CLASS,20060306,A 27,476
-6.38974019614626,54.2233627377188,B_CLASS,20040906,A 28,477
-6.41460627318865,54.2214602592753,B_CLASS,20040906,B 133,478
-6.44680731010319,54.2539988287861,B_CLASS,20060306,A 28,479
-6.26081448781796,54.173034825412,B_CLASS,20040906,B 8,480
-6.24543974642384,54.1622938711098,B_CLASS,20040906,B 7,481
-6.38633717032587,54.1240125010413,B_CLASS,20040906,B 113,482
-6.46674209672214,54.14274238901,B_CLASS,20040906,B 30,483
-6.44257132118976,54.1672727381955,B_CLASS,20040906,B 30,484
-6.45838148311911,54.1728468868074,B_CLASS,20040906,B 134,485
-6.43618122701418,54.1749102210496,B_CLASS,20040906,B 30,486
-6.46588643183071,54.1839077868756,B_CLASS,20040906,B 134,487
-6.38562986376605,54.1931977877759,B_CLASS,20040906,B 112,488
-6.3180295881168,54.1370240927973,B_CLASS,20040906,B 79,489
-6.46085137423191,54.1165970658545,B_CLASS,20040906,B 134,490
-6.42604938777062,54.0901309847832,B_CLASS,20040906,B 113,491
-6.56045000199096,55.2138640794901,B_CLASS,20050121,B 145,492
-6.47992700442317,55.2374042805171,B_CLASS,20050121,B 146,493
-6.46542481056603,55.2012809691724,B_CLASS,20050121,B 17,494
-6.5364313308447,55.0572753302703,B_CLASS,20050131,B 66,495
-6.65132654037397,55.0256319786062,B_CLASS,20050131,B 188,496
-6.66413056935889,55.029500301044,B_CLASS,20050131,B 66,497
-6.74485442582596,55.0308655915751,B_CLASS,20050131,B 70,498
-6.4418551302897,55.077513608124,B_CLASS,20050131,B 15,499
-6.46574216729793,55.0730862289585,B_CLASS,20050131,B 16,500
-6.45606139302572,55.1470876693279,B_CLASS,20050121,B 67,501
-6.63236454842161,55.1526641454054,B_CLASS,20050121,B 17,502
-6.68539415391563,55.1735733545608,B_CLASS,20050121,B 185,503
-6.6896251131457,55.1302665089334,B_CLASS,20050121,B 201,504
-6.60916995786316,55.1390816447143,B_CLASS,20050121,B 67,505
-6.49108461373456,55.0657180081634,B_CLASS,20050131,B 62,506
-6.49910017986289,55.1704220305091,B_CLASS,20050121,B 66,507
-6.56086732420097,55.1828185878249,B_CLASS,20050121,B 17,508
-6.57449653448147,55.1593291801827,B_CLASS,20050121,B 62,509
-6.5332584890667,55.1358863439604,B_CLASS,20050121,B 67,510
-6.46578062512767,55.1344022125892,B_CLASS,20050121,B 86,511
-6.52839130059587,55.0877394576752,B_CLASS,20050131,B 62,512
-6.48380850297205,55.0950219455557,B_CLASS,20050121,B 147,513
-6.50586731717564,55.0927618911146,B_CLASS,20050121,B 66,514
-6.50991499082242,55.0523184188217,B_CLASS,20050131,B 62,515
-6.47502339995742,55.0518160705979,B_CLASS,20050131,B 16,516
-6.64602586762067,55.0488904871916,B_CLASS,20050131,B 207,517
-6.6116214833347,55.0346222368532,B_CLASS,20050131,B 66,518
-6.731773587015,55.0581867570057,B_CLASS,20050131,B 186,519
-6.72440882954597,55.0367328352189,B_CLASS,20050131,B 66,520
-6.72395606747934,54.9763983864812,B_CLASS,20050131,B 64,521
-6.72709806267097,55.0065239294972,B_CLASS,20050131,B 70,522
-6.6304830030149,55.0175423496889,B_CLASS,20050131,B 188,523
-6.61640745369212,54.9608671605327,B_CLASS,20050131,B 64,524
-6.51514831417306,54.9606933167595,B_CLASS,20050131,B 64,525
-6.4696270626509,54.9475246679661,B_CLASS,20050131,B 62,526
-6.57231760736374,54.9387267879765,B_CLASS,20060308,B 75,527
-6.51106211514383,54.9697681946078,B_CLASS,20050131,B 70,528
-6.62003507773711,54.888833759176,B_CLASS,20060308,B 75,529
-6.47529513002137,54.9141027392311,B_CLASS,20060308,B 96,530
-6.45489142693973,54.8507507108852,B_CLASS,20060308,B 52,531
-6.55285467215878,54.6638617831532,B_CLASS,20060308,B 160,532
-6.63695986924891,54.6675800622633,B_CLASS,20060308,B 18,533
-6.59614803163143,54.6907663335609,B_CLASS,20060308,B 181,534
-6.53004764933618,54.7201096282908,B_CLASS,20060308,B 18,535
-6.57036215435204,54.7288560535633,B_CLASS,20060308,B 160,536
-6.64897646804147,54.7621935897488,B_CLASS,20060308,B 40,537
-6.50916104513311,54.78168796876,B_CLASS,20060308,B 182,538
-6.57654710939519,54.8280510014304,B_CLASS,20060308,B 182,539
-6.6387919884759,54.7793175140908,B_CLASS,20060308,B 42,540
-6.48137915799428,54.7529697243879,B_CLASS,20060308,B 18,541
-6.64951794010731,54.6938088855905,B_CLASS,20060308,B 18,542
-6.69421916010749,54.8072941301377,B_CLASS,20060308,B 42,543
-6.73884697988292,54.8276026141186,B_CLASS,20060308,B 42,544
-6.7305701668209,54.7890929448096,B_CLASS,20060308,B 40,545
-6.671896267722,54.5573781169378,B_CLASS,20060307,B 520,546
-6.68347905468154,54.5435991528745,B_CLASS,20060307,B 161,547
-6.72660967280223,54.4932669347567,B_CLASS,20060307,B 34,548
-6.74038818719489,54.4909561430032,B_CLASS,20060307,B 517,549
-6.71307768784734,54.5208440290905,B_CLASS,20060307,B 106,550
-6.57789699365053,54.5057077679709,B_CLASS,20060307,B 196,551
-6.4690311956062,54.49848777377,B_CLASS,20060307,B 2,552
-6.63211945456462,54.4861005780068,B_CLASS,20060307,B 131,553
-6.67840875435701,54.4923396048128,B_CLASS,20060307,B 34,554
-6.66540280203898,54.4834476367291,B_CLASS,20060307,B 106,555
-6.6543062518469,54.4937079634807,B_CLASS,20060307,B 106,556
-6.6703523723237,54.5383582362537,B_CLASS,20060307,B 520,557
-6.69279804789698,54.5517644720177,B_CLASS,20060307,B 520,558
-6.65278688682797,54.5498196496822,B_CLASS,20060307,B 161,559
-6.64436438595293,54.6275857317467,B_CLASS,20060307,B 160,560
-6.57398930662023,54.6033959774646,B_CLASS,20060307,B 161,561
-6.57365681867563,54.6372673007805,B_CLASS,20060307,B 73,562
-6.55767144554918,54.6477724249358,B_CLASS,20060307,B 161,563
-6.73662932701601,54.5769399861241,B_CLASS,20060307,B 160,564
-6.69348066776378,54.581551383982,B_CLASS,20060307,B 520,565
-6.72563214914024,54.602026155278,B_CLASS,20060307,B 520,566
-6.72166272472688,54.6450257566972,B_CLASS,20060307,B 73,567
-6.69986243167911,54.5795603330972,B_CLASS,20060307,B 160,568
-6.69730422703773,54.403242183303,B_CLASS,20060307,B 128,569
-6.52751418986678,54.4415966230299,B_CLASS,20060307,B 28,570
-6.62015986912116,54.4396575415759,B_CLASS,20060307,B 28,571
-6.64509978002501,54.3112002085222,B_CLASS,20060306,B 31,572
-6.50667909975109,54.4160102534601,B_CLASS,20060307,B 77,573
-6.62767625633033,54.3929287894113,B_CLASS,20060307,B 77,574
-6.59786228691526,54.3908266336454,B_CLASS,20060307,B 111,575
-6.56091375068389,54.3775611471207,B_CLASS,20060307,B 111,576
-6.54818504856276,54.3489723828237,B_CLASS,20060306,B 111,577
-6.52912795216759,54.3083891155981,B_CLASS,20060306,B 78,578
-6.48708108700797,54.3118045144024,B_CLASS,20060306,B 3,579
-6.47829091566704,54.3038245219603,B_CLASS,20060306,B 114,580
-6.50397196861077,54.3287802070959,B_CLASS,20060306,B 78,581
-6.47984996618715,54.3597291654287,B_CLASS,20060306,B 78,582
-6.47512397366072,54.3391072122859,B_CLASS,20060306,B 131,583
-6.52315637664339,54.3677280741214,B_CLASS,20060306,B 131,584
-6.5409726006665,54.378524118904,B_CLASS,20060307,B 131,585
-6.54227782728802,54.4225852263046,B_CLASS,20060307,B 131,586
-6.68130375025105,54.4792743643468,B_CLASS,20060307,B 106,587
-6.68091879231017,54.4683718534088,B_CLASS,20060307,B 106,588
-6.71613353082242,54.4344122523645,B_CLASS,20060307,B 106,589
-6.73859094707114,54.3693458150791,B_CLASS,20060306,B 115,590
-6.7634833511528,54.4148822460553,B_CLASS,20060307,B 128,591
-6.76227521798769,54.4455162264145,B_CLASS,20060307,B 130,592
-6.73971229780395,54.2602076552213,B_CLASS,20060306,B 132,593
-6.72212560425561,54.2418866119286,B_CLASS,20060306,B 3,594
-6.67879514019531,54.2597537920564,B_CLASS,20060306,B 3,595
-6.62046408457043,54.2757492531245,B_CLASS,20060306,B 3,596
-6.62643122444154,54.2664930375642,B_CLASS,20060306,B 31,597
-6.72796272985368,54.1983189776804,B_CLASS,20040921,B 32,598
-6.71100879415856,54.2589629217121,B_CLASS,20060306,B 361,599
-6.63507782675665,54.2890527993985,B_CLASS,20060306,B 31,600
-6.5500164667804,54.2938354812491,B_CLASS,20060306,B 3,601
-6.50671864316847,54.2979710430543,B_CLASS,20060306,B 3,602
-6.51835567131911,54.287253015031,B_CLASS,20060306,B 78,603
-6.51108325812108,54.2606144376964,B_CLASS,20060306,B 134,604
-6.49208322041003,54.2793204705499,B_CLASS,20060306,B 133,605
-6.4919505578181,54.2313710616617,B_CLASS,20060306,B 134,606
-6.5457716965048,54.2511268268053,B_CLASS,20060306,B 78,607
-6.58333764059047,54.2140000594617,B_CLASS,20040921,B 31,608
-6.57118455631166,54.1980104404619,B_CLASS,20040921,B 78,609
-6.52169783198874,54.1241202378821,B_CLASS,20040921,B 30,610
-6.59875726998085,54.1368303646797,B_CLASS,20040921,B 135,611
-6.62226584980598,54.070990310637,B_CLASS,20040921,B 30,612
-6.55311591639858,54.0937819031557,B_CLASS,20040921,B 30,613
-6.60947658971855,54.0915625783484,B_CLASS,20040921,B 135,614
-6.84520095297199,55.0989340605957,B_CLASS,20050121,B 201,615
-6.94381326947958,55.1695031658381,B_CLASS,20050121,B 202,616
-6.79716112024714,55.1591847294574,B_CLASS,20050121,B 119,617
-6.78576144175885,55.0460493516876,B_CLASS,20040709,B 66,618
-6.75478599177016,55.0241090348607,B_CLASS,20040709,B 190,619
-6.96562524352983,55.0512508304289,B_CLASS,20040709,B 69,620
-6.91993277099116,55.0686800007169,B_CLASS,20040709,B 201,621
-6.93416854769529,55.032348592632,B_CLASS,20040709,B 68,622
-6.96163154615066,55.0286816669049,B_CLASS,20040709,B 192,623
-6.98069752123848,55.0309821947152,B_CLASS,20040709,B 69,624
-6.99490108598823,55.0817796525433,B_CLASS,20040709,B 510,625
-6.96526633604867,55.0844071831136,B_CLASS,20040709,B 69,626
-6.91885811817184,54.9766826198823,B_CLASS,20040709,B 68,627
-6.91199124198837,54.9364379445578,B_CLASS,20030930,B 64,628
-6.94683417544472,54.9994577968722,B_CLASS,20040709,B 192,629
-6.98470135784873,54.9009844315629,B_CLASS,20030930,B 74,630
-6.98732718899485,54.8951392328521,B_CLASS,20030930,B 44,631
-6.96622798646418,54.8687250479333,B_CLASS,20030930,B 40,632
-7.02695245587917,54.8673409957593,B_CLASS,20030930,B 44,633
-7.01727050107834,54.8869241027303,B_CLASS,20030930,B 40,634
-7.04149398416251,54.9785357564226,B_CLASS,20040709,B 69,635
-6.75764906823695,54.8504716747458,B_CLASS,20030930,B 42,636
-6.90900533005886,54.849500456791,B_CLASS,20030930,B 40,637
-6.77256497843924,55.0080241526814,B_CLASS,20040709,B 190,638
-6.8438300338197,54.9737205344716,B_CLASS,20040709,B 64,639
-6.76387322294955,54.8076705470398,B_CLASS,20030930,B 41,640
-6.82069417696633,54.8009637151142,B_CLASS,20030930,B162,641
-7.0112739946106,54.7930802387833,B_CLASS,20030930,B 47,642
-6.84676398148363,54.822401086266,B_CLASS,20030930,B 40,643
-6.82236152161326,54.739133308081,B_CLASS,20030930,B 162,644
-6.81564067805121,54.8009193173061,B_CLASS,20030930,B 40,645
-6.80671485528732,54.7844949235236,B_CLASS,20030930,B 47,646
-6.78480857093109,54.4864588271331,B_CLASS,20030801,B 45,647
-6.84658367710837,54.5508038734937,B_CLASS,20030801,B 43,648
-7.06688036340586,54.5715041915143,B_CLASS,20030801,B 46,649
-7.04703743203642,54.5784931439868,B_CLASS,20030801,B 46,650
-7.0369538218718,54.6216683102164,B_CLASS,20030801,B 46,651
-6.9770445649704,54.5895228586575,B_CLASS,20030801,B 4,652
-6.90041257789285,54.5781553265662,B_CLASS,20030801,B 43,653
-6.85277713977676,54.5803659422285,B_CLASS,20030801,B 160,654
-6.84402788897572,54.6151544342463,B_CLASS,20030801,B 4,655
-6.90714129251158,54.4462234385673,B_CLASS,20030801,B 35,656
-6.86563925788601,54.416255994946,B_CLASS,20030801,B 128,657
-6.79866418059585,54.4223963132109,B_CLASS,20030801,B 45,658
-6.79538912659331,54.4618788970381,B_CLASS,20030801,B 45,659
-6.85291873527738,54.3444043510435,B_CLASS,20030801,B 45,660
-6.8271873036109,54.3154025768634,B_CLASS,20030801,B 210,661
-6.82452048378387,54.3951613376656,B_CLASS,20030801,B 45,662
-6.97614295825483,54.4153224076001,B_CLASS,20030801,B 128,663
-6.79276638003428,54.2368095693869,B_CLASS,20030801,B 3,664
-6.84114835871241,54.2985283935971,B_CLASS,20030801,B 210,665
-7.31904730685229,55.0282993185766,B_CLASS,20040709,B 521,666
-7.18130661829865,55.0313342709192,B_CLASS,20040709,B 118,667
-7.17028415350687,55.0311566199434,B_CLASS,20040709,B 118,668
-7.31705167451924,55.0222322623244,B_CLASS,20040709,B194,669
-7.31364410321964,55.0233767728566,B_CLASS,20040709,B 526,670
-7.34641528031801,55.0092150946966,B_CLASS,20040709,B 527,671
-7.07260407883676,54.8950221887303,B_CLASS,20040709,B 74,672
-7.14950755718473,54.9153281983999,B_CLASS,20040709,B 69,673
-7.17372237488154,54.9147238561626,B_CLASS,20040709,B 74,674
-7.18006088138605,54.8883289813803,B_CLASS,20040709,B 49,675
-7.28960680598945,54.8558537441299,B_CLASS,20040709,B 48,676
-7.35743624185533,54.8653233599385,B_CLASS,20040709,B 49,677
-7.34434247876941,54.8895310504323,B_CLASS,20040709,B 48,678
-7.36255825385827,54.9194994997385,B_CLASS,20040709,B 48,679
-7.33711302847696,54.9916311372992,B_CLASS,20040709,B524,680
-7.32735268026,54.9932869835128,B_CLASS,20040709,B507,681
-7.30393164340088,54.9863719844275,B_CLASS,20040709,B 523,682
-7.26704250185261,54.676587856045,B_CLASS,20041001,B 48,683
-7.11482682515497,54.6987095813921,B_CLASS,20041001,B 46,684
-7.26043435558701,54.7264453615557,B_CLASS,20041001,B 46,685
-7.25192294261371,54.7455991456718,B_CLASS,20041001,B 48,686
-7.27464652293647,54.7524262186929,B_CLASS,20041001,B 47,687
-7.24412699527888,54.8006280487437,B_CLASS,20041001,B 48,688
-7.28834172879536,54.7715037053826,B_CLASS,20041001,B536,689
-7.33796372929609,54.7287398751067,B_CLASS,20041001,B 46,690
-7.32799977546258,54.7351378817299,B_CLASS,20041001,B 47,691
-7.11220797030473,54.558659780607,B_CLASS,20060307,B 46,692
-7.20042467192117,54.5599118753233,B_CLASS,20060307,B 158,693
-7.2266159528246,54.5214326536471,B_CLASS,20060307,B 46,694
-7.26643839186493,54.5482862468255,B_CLASS,20060307,B 83,695
-7.29098283812205,54.5426722563097,B_CLASS,20060307,B 122,696
-7.37556838742778,54.5034472488014,B_CLASS,20060307,B 46,697
-7.15212821047215,54.6034977667634,B_CLASS,20060307,B 4,698
-7.26294853162021,54.5917475481631,B_CLASS,20060307,B 158,699
-7.28979276586781,54.5861400962777,B_CLASS,20060307,B 48,700
-7.31197940150727,54.6040144557391,B_CLASS,20060307,B 48,701
-7.32825380757024,54.434427346799,B_CLASS,20060307,B 122,702
-7.2127543407489,54.473171897161,B_CLASS,20060307,B 83,703
-7.35102722007291,54.3904166232399,B_CLASS,20060307,B 107,704
-7.22695665795914,54.4548728409251,B_CLASS,20060307,B 186,705
-7.12782883386984,54.3873264285479,B_CLASS,20060307,B 83,706
-7.32299012456533,54.2244319719074,B_CLASS,20050118,B 36,707
-7.3509579417873,54.1571311306641,B_CLASS,20050118,B 533,708
-7.25743984130868,54.2190902617767,B_CLASS,20050118,B 143,709
-7.30356885397962,54.191872169891,B_CLASS,20050118,B 143,710
-7.42805335715601,54.8533373623236,B_CLASS,20040709,B 49,711
-7.43832789132265,54.8481482315439,B_CLASS,20040709,B 49,712
-7.39233837945924,54.9766509701613,B_CLASS,20040709,B 193,713
-7.40996126025125,54.7530902797177,B_CLASS,20041001,B 165,714
-7.47019630830835,54.731748678999,B_CLASS,20041001,B 164,715
-7.48040167095631,54.7542739221772,B_CLASS,20041001,B 72,716
-7.50928035509815,54.7879024355013,B_CLASS,20041001,B 165,717
-7.50663379493087,54.8114453567235,B_CLASS,20040709,B 85,718
-7.44777602493022,54.842124187335,B_CLASS,20040709,B 49,719
-7.46038054533708,54.7949423092071,B_CLASS,20041001,B 72,720
-7.56522593879531,54.7134360653742,B_CLASS,20041001,B 72,721
-7.43775129078327,54.6822029332618,B_CLASS,20041001,B 84,722
-7.46335738435743,54.8313364204553,B_CLASS,20040709,B 72,723
-7.45351309258785,54.7602631312157,B_CLASS,20041001,B 165,724
-7.38451931815799,54.7972679158123,B_CLASS,20041001,B 536,725
-7.46865516366861,54.8296236140535,B_CLASS,20040709,B 72,726
-7.38466611321357,54.7203000563123,B_CLASS,20041001,B 84,727
-7.47096852294465,54.8175061441458,B_CLASS,20040709,B 72,728
-7.68671036082493,54.5082549075368,B_CLASS,20060307,B 72,729
-7.62130687188897,54.5438594701765,B_CLASS,20060307,B 4,730
-7.66462094003594,54.5571528720334,B_CLASS,20060307,B 72,731
-7.4576371905727,54.5458104395476,B_CLASS,20060307,B 4,732
-7.48469231982054,54.5625122284412,B_CLASS,20060307,B 84,733
-7.48893591702865,54.5271520842421,B_CLASS,20060307,B 84,734
-7.40347586360214,54.6099412867686,B_CLASS,20060307,B 50,735
-7.49393606209547,54.5977520391311,B_CLASS,20060307,B 84,736
-7.64030946353192,54.649818755126,B_CLASS,20060307,B 72,737
-7.54383607357883,54.6638559280977,B_CLASS,20060307,B 50,738
-7.46791915439417,54.4662992699102,B_CLASS,20060307,B 46,739
-7.49346649777532,54.3443606133972,B_CLASS,20060303,B 140,740
-7.46376688236724,54.3397199544206,B_CLASS,20060303,B 535,741
-7.38982457134667,54.4490317987432,B_CLASS,20060307,B 80,742
-7.67531777237343,54.3374098589166,B_CLASS,20060303,B 81,743
-7.65989323740067,54.4139722741748,B_CLASS,20060307,B 82,744
-7.57343384740035,54.3159356692052,B_CLASS,20060303,B 514,745
-7.61048634629895,54.4035888337608,B_CLASS,20060307,B 46,746
-7.59793034195229,54.3521845422169,B_CLASS,20060303,B 80,747
-7.60436377998999,54.4565354367431,B_CLASS,20060307,B 123,748
-7.46379994350451,54.3019007682805,B_CLASS,20060303,B 535,749
-7.50131795440179,54.2747059863781,B_CLASS,20060303,B 514,750
-7.49394134151654,54.2047430459177,B_CLASS,20050118,B 127,751
-7.63619084259818,54.2230463973403,B_CLASS,20050118,B 108,752
-7.53641170855992,54.1902162113754,B_CLASS,20050118,B 127,753
-7.57800559522925,54.1687824696704,B_CLASS,20050118,B127,754
-7.69586804039428,54.5255101832669,B_CLASS,20060306,B 4,755
-7.88982346917819,54.5229029635304,B_CLASS,20060306,B 136,756
-7.98222563282291,54.3508129988651,B_CLASS,20060303,B 52,757
-7.69703531791495,54.3599251930224,B_CLASS,20060303,B 81,758
-7.78122719839637,54.4000955976684,B_CLASS,20060306,B 81,759
-7.71260604227932,54.4593778263893,B_CLASS,20060306,B 82,760
-7.81775424167367,54.4353735025763,B_CLASS,20060306,B 81,761
-7.69774703936599,54.2177928616501,B_CLASS,20060303,B108,762
-7.86162573554318,54.2840593917068,B_CLASS,20060303,B195,763
-7.89158307526533,54.3070963975957,B_CLASS,20060303,B52,764
-8.05890452846269,54.388830062472,B_CLASS,20060306,B 52,765
-8.09050232203645,54.4353235005687,B_CLASS,20060306,B 52,766
-8.09400723832789,54.4120462670885,B_CLASS,20060306,B 53,767
