X,Y,OBJECTID,PIN,MAPBLOCKLOT,MUNICODE,TAXYR,NAME,CARD,LLINE,CODE,DESCRIB,AREA,UNITS,YRBLT,EFFYR,ADJRCNLD,ORIG_FID,OWNER_NAME,CreationDate,Creator,EditDate,Editor
-80.1129292594609,40.4528540359066,1,0152A00174000000,152-A-174,939,2016,Robinson,1,2,M20,CELL - MONOPOLE 100-149 - AVG,100,1,1990,,68200,1,CROWN ATLANTIC COMPANY LLC,2015/11/24 16:08:55.760+00,GISHelp,2015/11/24 16:08:55.760+00,GISHelp
-79.8334714278702,40.3587290173655,3,0379M00020000000,379-M-20,408,2016,8th Ward  - McKEESPORT,1,3,M21,CELL - MONOPOLE 100-149 - GOOD,100,1,2000,,99000,3,GLOBAL SIGNAL ACQUISITIONS IV LLC,2015/11/24 16:08:55.760+00,GISHelp,2015/11/24 16:08:55.760+00,GISHelp
-80.1762458357516,40.5966591624217,5,1063B00145000100,1063-B-145-1,883,2016,Bell Acres,1,6,M26,CELL - MONOPOLE 150-199 - GOOD,169,1,1997,,146900,5,CROWN ATLANTIC COMPANY LLC,2015/11/24 16:08:55.760+00,GISHelp,2015/11/24 16:08:55.760+00,GISHelp
-79.8799220928962,40.4877391383134,6,0228E00168000000,228-E-168,931,2016,O''Hara,1,7,S21,CELL - SELF SPRT 100-149 - GD,136,1,2005,,94600,6,LASER WASH GROUP LLC,2015/11/24 16:08:55.760+00,GISHelp,2015/11/24 16:08:55.760+00,GISHelp
-79.9112984697147,40.4588860636049,7,0125F00047000000,125-F-47,112,2016,12th Ward - PITTSBURGH,1,6,M36,CELL - MONOPOLE 225-249 - GOOD,225,1,1998,,198000,7,CROWN ATLANTIC COMPANY LLC,2015/11/24 16:08:55.760+00,GISHelp,2015/11/24 16:08:55.760+00,GISHelp
-79.909744730273,40.4192842287902,8,0129F00001000000,129-F-1,114,2016,14th Ward - PITTSBURGH,1,2,G30,CELL - GUYED 30 INCH BASE - AV,300,1,1980,,38500,8,URBAN REDEVELOPMENT AUTH OF PITTSBURGH,2015/11/24 16:08:55.760+00,GISHelp,2015/11/24 16:08:55.760+00,GISHelp
-79.9321494851938,40.4115539171904,9,0089A00130000000,89-A-130,115,2016,15th Ward - PITTSBURGH,1,1,S30,CELL - SELF SPRT 200-224 - AVG,200,1,2000,,127800,9,CITY OF PITTSBURGH,2015/11/24 16:08:55.760+00,GISHelp,2015/11/24 16:08:55.760+00,GISHelp
-79.9314057649089,40.4114574097387,10,0089A00141000000,89-A-141,115,2016,15th Ward - PITTSBURGH,1,1,S30,CELL - SELF SPRT 200-224 - AVG,200,1,2000,,127800,10,CALVARY COMMUNICATIONS INC,2015/11/24 16:08:55.760+00,GISHelp,2015/11/24 16:08:55.760+00,GISHelp
-80.0813689263834,40.4797066961315,11,0073A00114000000,73-A-114,949,2016,Stowe,1,1,S20,CELL - SELF SPRT 100-149 - AVG,125,1,1950,,37000,11,CTI TOWERS ASSETS I LLC,2015/11/24 16:08:55.760+00,GISHelp,2015/11/24 16:08:55.760+00,GISHelp
-79.9195057275979,40.3937049224931,12,0091D00082000000,91-D-82,131,2016,31st Ward - PITTSBURGH,1,3,M26,CELL - MONOPOLE 150-199 - GOOD,165,1,1990,,125200,12,CROWN ATLANTIC COMPANY LLC,2015/11/24 16:08:55.760+00,GISHelp,2015/11/24 16:08:55.760+00,GISHelp
-80.0419961385263,40.3393804831255,13,0393K00140000000,393-K-140,876,2016,Bethel Park,1,5,M20,CELL - MONOPOLE 100-149 - AVG,112,1,1995,,87500,13,CROWN ATLANTIC COMPANY LLC,2015/11/24 16:08:55.760+00,GISHelp,2015/11/24 16:08:55.760+00,GISHelp
-80.0843473851025,40.3497140690189,14,0321M00140000000,321-M-140,950,2016,Upper St. Clair,1,1,M10,CELL - MONOPOLE 50-74 - AVG,80,1,2005,,77400,14,WARD T A,2015/11/24 16:08:55.760+00,GISHelp,2015/11/24 16:08:55.760+00,GISHelp
-80.0063017739692,40.4136114753695,15,0034C00174000000,34-C-174,118,2016,18th Ward - PITTSBURGH,1,7,M26,CELL - MONOPOLE 150-199 - GOOD,165,1,2000,,136100,15,CROWN ATLANTIC COMPANY LLC,2015/11/24 16:08:55.760+00,GISHelp,2015/11/24 16:08:55.760+00,GISHelp
-80.0381409436811,40.4154089986887,16,0017R00092000000,17-R-92,120,2016,20th Ward - PITTSBURGH,1,8,S40,CELL - SELF SPRT 250-299 - AVG,270,1,1982,,284300,16,CROWN COMMUNICATIONS INC,2015/11/24 16:08:55.760+00,GISHelp,2015/11/24 16:08:55.760+00,GISHelp
-80.0480529396135,40.4561869942198,17,0021J00112000000,21-J-112,120,2016,20th Ward - PITTSBURGH,1,6,M26,CELL - MONOPOLE 150-199 - GOOD,160,1,1990,,121400,17,CROWN ATLANTIC COMPANY LLC,2015/11/24 16:08:55.760+00,GISHelp,2015/11/24 16:08:55.760+00,GISHelp
-79.973044765874,40.4172267632157,18,0013L00228000000,13-L-228,116,2016,16th Ward - PITTSBURGH,1,1,S10,CELL - SELF SPRT 50-74 - AVG,15,3,2008,,46200,18,PUDUP DAVID C,2015/11/24 16:08:55.760+00,GISHelp,2015/11/24 16:08:55.760+00,GISHelp
-79.9547288725632,40.5617557870304,19,0719R00001000000,719-R-1,914,2016,Hampton,1,11,M21,CELL - MONOPOLE 100-149 - GOOD,148,1,2001,,143300,19,WESTINGHOUSE RADIO STATIONS INC,2015/11/24 16:08:55.760+00,GISHelp,2015/11/24 16:08:55.760+00,GISHelp
-80.0108155345012,40.5232706574113,20,0352P00045000000,352-P-45,940,2016,Ross,1,8,S51,CELL - SELF SPRT 350-399 - GD,357,1,1998,,292000,20,CALVARY INC,2015/11/24 16:08:55.760+00,GISHelp,2015/11/24 16:08:55.760+00,GISHelp
-80.0211723418742,40.3505054857577,21,0317L00300000000,317-L-300,876,2016,Bethel Park,1,5,S41,CELL - SELF SPRT 250-299 - GD,270,1,1990,,198000,21,MANUFACTURERS LIGHT & HEAT COMPANY,2015/11/24 16:08:55.760+00,GISHelp,2015/11/24 16:08:55.760+00,GISHelp
-80.0200593796673,40.4942889644619,22,0162M00122000000,162-M-122,126,2016,26th Ward - PITTSBURGH,1,3,S46,CELL - SELF SPRT 300-349 - GD,314,1,2003,,276300,22,CROWN COMMUNICATIONS INC,2015/11/24 16:08:55.760+00,GISHelp,2015/11/24 16:08:55.760+00,GISHelp
-80.0730847162067,40.3364115172152,23,0478C00210000000,478-C-210,950,2016,Upper St. Clair,1,24,M20,CELL - MONOPOLE 100-149 - AVG,115,2,2000,,187200,23,SCHOOL DISTRICT OF TWP OF UPPER ST CLAIR,2015/11/24 16:08:55.760+00,GISHelp,2015/11/24 16:08:55.760+00,GISHelp
-79.7553486251507,40.5300993148945,24,0847C00048000000,847-C-48,880,2016,Plum,1,1,S20,CELL - SELF SPRT 100-149 - AVG,110,1,1990,,51700,24,CROWN COMMUNICATIONS INC,2015/11/24 16:08:55.760+00,GISHelp,2015/11/24 16:08:55.760+00,GISHelp
-79.9887054939054,40.5421450860583,25,0519R0017000T100,519-R-170-T1,940,2016,Ross,1,1,S41,CELL - SELF SPRT 250-299 - GD,282,1,1969,"2,000",167000,25,AT&T WIRELESS,2015/11/24 16:08:55.760+00,GISHelp,2015/11/24 16:08:55.760+00,GISHelp
-79.8640614076176,40.2425919246009,26,1572F0019100T200,1572-F-191-T2,908,2016,Elizabeth Boro,1,7,S40,CELL - SELF SPRT 250-299 - AVG,250,1,1995,,181000,26,CROWN CASTLE INTERNATIONAL,2015/11/24 16:08:55.760+00,GISHelp,2015/11/24 16:08:55.760+00,GISHelp
-79.8643141156571,40.2424276811601,27,1572F0019100T100,1572-F-191-T1,908,2016,Elizabeth Twp,1,1,M20,CELL - MONOPOLE 100-149 - AVG,100,1,1995,"1,995",78100,27,CROWN CASTLE INTERNATIONAL,2015/11/24 16:08:55.760+00,GISHelp,2015/11/24 16:08:55.760+00,GISHelp
-79.7237588926621,40.4726391469487,28,1103C00116000000,1103-C-116,880,2016,Plum,1,4,S25,CELL - SELF SPRT 150-199 - AVG,180,1,1976,"1,976",84600,28,DUQUESNE LIGHT COMPANY,2015/11/24 16:08:55.760+00,GISHelp,2015/11/24 16:08:55.760+00,GISHelp
-79.9880080307154,40.2774259738458,29,1139C00010000000,1139-C-10,945,2016,South Park,1,1,M20,CELL - MONOPOLE 100-149 - AVG,120,1,2005,,118800,29,ARNONI COMPANY M C,2015/11/24 16:08:55.760+00,GISHelp,2015/11/24 16:08:55.760+00,GISHelp
-80.1103341499654,40.5797404916717,30,0940R00284000001,940-R-284-0-1,884,2016,Franklin Park,1,8,M26,CELL - MONOPOLE 150-199 - GOOD,150,1,1995,,133700,30,CROWN COMMUNICATIONS INC,2015/11/24 16:08:55.760+00,GISHelp,2015/11/24 16:08:55.760+00,GISHelp
-79.7858270329085,40.468055310962,31,0635H00278000000,635-H-278,934,2016,Penn Hills,1,5,S10,CELL - SELF SPRT 50-74 - AVG,75,1,1990,,35300,31,CENTER VIDEO CORP,2015/11/24 16:08:55.760+00,GISHelp,2015/11/24 16:08:55.760+00,GISHelp
-79.8869561738303,40.3722826546259,33,0183G00390000001,183-G-390-0-1,870,2016,West Mifflin,1,4,S21,CELL - SELF SPRT 100-149 - GD,120,1,1974,,102600,33,AMERICAN TOWERS INC,2015/11/24 16:08:55.760+00,GISHelp,2015/11/24 16:08:55.760+00,GISHelp
-79.8292907195525,40.4641161884608,34,0449N00348000000,449-N-348,934,2016,Penn Hills,1,4,M11,CELL - MONOPOLE 50-74 - GOOD,50,4,2014,,217800,34,TECHNOLOGY PROPERTIES 1 LLC,2015/11/24 16:08:55.760+00,GISHelp,2015/11/24 16:08:55.760+00,GISHelp
-79.9531759989064,40.4269373372596,35,0029M0016000T200,29-M-160-T2,104,2016,4th Ward - PITTSBURGH,1,5,M16,CELL - MONOPOLE 75-99 - GOOD,75,1,1998,"1,998",66000,35,AT&T WIRELESS,2015/11/24 16:08:55.760+00,GISHelp,2015/11/24 16:08:55.760+00,GISHelp
-80.0200392953353,40.4255421234393,36,0005S0025000T100,5-S-250-T1,119,2016,19th Ward - PITTSBURGH,1,5,M21,CELL - MONOPOLE 100-149 - GOOD,100,1,1996,,71500,36,AT&T WIRELESS,2015/11/24 16:08:55.760+00,GISHelp,2015/11/24 16:08:55.760+00,GISHelp
-80.0804127016447,40.4413144523395,37,0069A0011600T100,69-A-116-T1,128,2016,28th Ward - PITTSBURGH,1,6,M20,CELL - MONOPOLE 100-149 - AVG,120,1,1990,,81800,37,CROWN ATLANTIC COMPANY LLC,2015/11/24 16:08:55.760+00,GISHelp,2015/11/24 16:08:55.760+00,GISHelp
-80.0067169290946,40.4311337096542,38,0004C0004200T100,4-C-42-T1,119,2016,19th Ward - PITTSBURGH,1,5,S51,CELL - SELF SPRT 350-399 - GD,390,1,2005,,352700,38,AMERICAN TOWERS INC,2015/11/24 16:08:55.760+00,GISHelp,2015/11/24 16:08:55.760+00,GISHelp
-79.9235517654535,40.3924805338124,39,0091C0031800T100,91-C-318-T1,131,2016,31st Ward - PITTSBURGH,1,4,M25,CELL - MONOPOLE 150-199 - AVG,165,1,1995,,137900,39,PATO ANDREW,2015/11/24 16:08:55.760+00,GISHelp,2015/11/24 16:08:55.760+00,GISHelp
-79.8774779444153,40.3217457295336,40,0557F0001000T100,557-F-10-T1,829,2016,Glassport,1,2,G30,CELL - GUYED 30 INCH BASE - AV,440,1,1997,,112900,40,CROWN COMMUNICATIONS INC,2015/11/24 16:08:55.760+00,GISHelp,2015/11/24 16:08:55.760+00,GISHelp
-79.9326654743333,40.5449665964077,41,0523J0036700T100,523-J-367-T1,917,2016,Indiana,1,5,M26,CELL - MONOPOLE 150-199 - GOOD,160,1,1987,,112600,41,AT&T WIRELESS,2015/11/24 16:08:55.760+00,GISHelp,2015/11/24 16:08:55.760+00,GISHelp
-79.9533454103821,40.4268381501068,42,0029M0016000T100,29-M-160-T1,104,2016,4th Ward - PITTSBURGH,1,5,M21,CELL - MONOPOLE 100-149 - GOOD,125,1,1985,,83900,42,CROWN ATLANTIC COMPANY LLC,2015/11/24 16:08:55.760+00,GISHelp,2015/11/24 16:08:55.760+00,GISHelp
-80.0655984908993,40.4695213933195,43,0043E0023100T100,43-E-231-T1,842,2016,McKees Rocks,1,2,M25,CELL - MONOPOLE 150-199 - AVG,180,1,2002,,170300,43,T-MOBILE USA,2015/11/24 16:08:55.760+00,GISHelp,2015/11/24 16:08:55.760+00,GISHelp
-80.0977544117929,40.545912555129,44,0513E0026000T100,513-E-260-T1,932,2016,Ohio,1,5,M20,CELL - MONOPOLE 100-149 - AVG,100,1,1990,,75900,44,CROWN ATLANTIC COMPANY LLC,2015/11/24 16:08:55.760+00,GISHelp,2015/11/24 16:08:55.760+00,GISHelp
-80.0215383474116,40.3258687416436,45,0475L0030000T100,475-L-300-T1,945,2016,Bethel Park,1,11,S26,CELL - SELF SPRT 150-199 - GD,193,1,1999,,167500,45,CROWN COMMUNICATIONS INC,2015/11/24 16:08:55.760+00,GISHelp,2015/11/24 16:08:55.760+00,GISHelp
-80.1076581601059,40.4270982767213,46,0150F00039000001,150-F-39-0-1,939,2016,Robinson,1,1,M20,CELL - MONOPOLE 100-149 - AVG,130,1,1997,,105800,46,AT&T WIRELESS,2015/11/24 16:08:55.760+00,GISHelp,2015/11/24 16:08:55.760+00,GISHelp
-79.8072916097724,40.5762513331317,47,0839G00332000001,839-G-332-0-1,913,2016,Frazer,1,5,M21,CELL - MONOPOLE 100-149 - GOOD,160,1,1994,,130200,47,BELL ATLANTIC MOBILE SYSTEMS,2015/11/24 16:08:55.760+00,GISHelp,2015/11/24 16:08:55.760+00,GISHelp
-79.8243362595936,40.3996242727308,48,0456G00009000000,456-G-9,930,2016,North Versailles,1,1,M15,CELL - MONOPOLE 75-99 - AVG,75,1,2012,,80900,48,VERIZON WIRELESS,2015/11/24 16:08:55.760+00,GISHelp,2015/11/24 16:08:55.760+00,GISHelp
-80.04448179324,40.4394167704736,49,0019E0021400T100,19-E-214-T1,120,2016,20th Ward - PITTSBURGH,1,6,S56,CELL - SELF SPRT 400-449 - GD,400,1,1997,,312800,49,CROWN COMMUNICATIONS INC,2015/11/24 16:08:55.760+00,GISHelp,2015/11/24 16:08:55.760+00,GISHelp
-80.1016500951136,40.3167545047941,50,0570A00300000001,570-A-300-0-1,950,2016,Upper St. Clair,1,1,S51,CELL - SELF SPRT 350-399 - GD,350,1,1990,,213900,50,CROWN COMMUNICATIONS INC,2015/11/24 16:08:55.760+00,GISHelp,2015/11/24 16:08:55.760+00,GISHelp
-79.8179366645222,40.4616850232344,51,0450D0028100T100,450-D-281-T1,934,2016,Penn Hills,1,4,M21,CELL - MONOPOLE 100-149 - GOOD,110,1,2005,,113700,51,SPRINT SPECTRUM LP,2015/11/24 16:08:55.760+00,GISHelp,2015/11/24 16:08:55.760+00,GISHelp
-80.1084810896788,40.5615572114881,52,0710R00011000000,710-R-11,932,2016,Ohio,1,6,S26,CELL - SELF SPRT 150-199 - GD,188,1,1996,,111300,52,AMERICAN TOWERS INC,2015/11/24 16:08:55.760+00,GISHelp,2015/11/24 16:08:55.760+00,GISHelp
-79.8625518863295,40.4565801877143,53,0296J00370000000,296-J-370,866,2016,Wilkinsburg,1,5,M20,CELL - MONOPOLE 100-149 - AVG,100,1,2000,,99000,53,GRAHAM ERNEST PAUL SR,2015/11/24 16:08:55.760+00,GISHelp,2015/11/24 16:08:55.760+00,GISHelp
-79.8101010958286,40.3292937915878,54,0552K0012500T100,552-K-125-T1-0,875,2016,White Oak,1,1,M25,CELL - MONOPOLE 150-199 - AVG,167,1,1996,,132300,54,CROWN CASTLE,2015/11/24 16:08:55.760+00,GISHelp,2015/11/24 16:08:55.760+00,GISHelp
-79.853193340569,40.4129776454394,55,0301D00200000000,301-D-200,872,2016,Braddock Hills,1,1,G30,CELL - GUYED 30 INCH BASE - AV,150,1,1985,,23100,55,C & F PARTNERSHIP,2015/11/24 16:08:55.760+00,GISHelp,2015/11/24 16:08:55.760+00,GISHelp
-80.0041674831784,40.4973958001444,56,0163G00375000000,163-G-375,126,2016,26th Ward - PITTSBURGH,1,5,M31,CELL - MONOPOLE 200-224 - GOOD,200,1,1985,,154000,56,CROWN ATLANTIC COMPANY LLC,2015/11/24 16:08:55.760+00,GISHelp,2015/11/24 16:08:55.760+00,GISHelp
-79.7863093813986,40.4683642595285,57,0635H00291000000,635-H-291,934,2016,Penn Hills,1,6,S10,CELL - SELF SPRT 50-74 - AVG,,1,2013,,0,57,WILKINSBURG PENN JOINT WATER AUTHORITY,2015/11/24 16:08:55.760+00,GISHelp,2015/11/24 16:08:55.760+00,GISHelp
-79.9589876776451,40.3968838379344,58,0058P0010000T100,58-P-100-T1,131,2016,31st Ward - PITTSBURGH,1,1,S46,CELL - SELF SPRT 300-349 - GD,349,1,2001,,226400,58,AMERICAN TOWERS INC,2015/11/24 16:08:55.760+00,GISHelp,2015/11/24 16:08:55.760+00,GISHelp
-80.1031290448993,40.4499832489478,59,0152H00100000100,152-H-100-1,919,2016,Kennedy,1,12,S26,CELL - SELF SPRT 150-199 - GD,188,1,1995,,109600,59,HECKLER FAMILY PARTNERSHIP,2015/11/24 16:08:55.760+00,GISHelp,2015/11/24 16:08:55.760+00,GISHelp
-80.243127789451,40.509120673137,60,0806B00096000000,806-B-96,925,2016,Moon,1,9,S21,CELL - SELF SPRT 100-149 - GD,100,1,1991,,63000,60,CROWN COMMUNICATIONS INC,2015/11/24 16:08:55.760+00,GISHelp,2015/11/24 16:08:55.760+00,GISHelp
-79.8907135470663,40.5149062238762,61,0289A0003500T100,289-A-35-T1,868,2016,Fox Chapel,1,10,M21,CELL - MONOPOLE 100-149 - GOOD,100,1,1997,,91300,61,AT&T WIRELESS,2015/11/24 16:08:55.760+00,GISHelp,2015/11/24 16:08:55.760+00,GISHelp
-80.1249645294763,40.4810539557665,62,0209P0023100T100,209-P-231-T1,939,2016,Robinson,1,5,M10,CELL - MONOPOLE 50-74 - AVG,70,1,1998,,65500,62,AT&T WIRELESS,2015/11/24 16:08:55.760+00,GISHelp,2015/11/24 16:08:55.760+00,GISHelp
-80.0701187676924,40.5018472908807,63,0214S0029300T100,214-S-293-T1,802,2016,Avalon,1,3,M21,CELL - MONOPOLE 100-149 - GOOD,130,1,2001,,120100,63,ZAFA TOWERS-P,2015/11/24 16:08:55.760+00,GISHelp,2015/11/24 16:08:55.760+00,GISHelp
-80.142326365038,40.4254833270135,64,0264K0000100T100,264-K-1-T1,905,2016,Collier,1,4,M21,CELL - MONOPOLE 100-149 - GOOD,120,1,1992,,93700,64,AT&T WIRELESS,2015/11/24 16:08:55.760+00,GISHelp,2015/11/24 16:08:55.760+00,GISHelp
-80.1159569580602,40.351489302376,65,0322E0000600T100,322-E-6-T1,946,2016,South Fayette,1,4,S21,CELL - SELF SPRT 100-149 - GD,135,1,1985,,91400,65,T-MOBILE USA,2015/11/24 16:08:55.760+00,GISHelp,2015/11/24 16:08:55.760+00,GISHelp
-79.9826668717273,40.5171020516761,66,0283E0002000T102,283-E-20-T1-2,944,2016,Shaler,1,5,M26,CELL - MONOPOLE 150-199 - GOOD,165,1,1998,,150600,66,AT&T WIRELESS,2015/11/24 16:08:55.760+00,GISHelp,2015/11/24 16:08:55.760+00,GISHelp
-79.9493889256742,40.5137868963378,67,0284M0013000T100,284-M-130-T1,944,2016,Shaler,1,5,M36,CELL - MONOPOLE 225-249 - GOOD,225,1,2001,,217800,67,T-MOBILE USA,2015/11/24 16:08:55.760+00,GISHelp,2015/11/24 16:08:55.760+00,GISHelp
-80.0339193523488,40.5135626666352,68,0279S0011500T100,279-S-115-T1,940,2016,Ross,1,5,M21,CELL - MONOPOLE 100-149 - GOOD,125,1,2001,,126500,68,CROWN ATLANTIC COMPANY LLC,2015/11/24 16:08:55.760+00,GISHelp,2015/11/24 16:08:55.760+00,GISHelp
-79.9922556836217,40.502263678879,69,0219P0017500T100,219-P-175-T1,940,2016,Ross,1,5,M26,CELL - MONOPOLE 150-199 - GOOD,165,1,2000,,150600,69,SBA COMMUNICATIONS CORPORATION,2015/11/24 16:08:55.760+00,GISHelp,2015/11/24 16:08:55.760+00,GISHelp
-79.8670158143494,40.4602188282068,70,0231D0012600T100,231-D-126-T1,934,2016,Penn Hills,1,6,M21,CELL - MONOPOLE 100-149 - GOOD,140,1,2000,,130900,70,SBA COMMUNICATIONS CORPORATION,2015/11/24 16:08:55.760+00,GISHelp,2015/11/24 16:08:55.760+00,GISHelp
-80.0664151441795,40.3622812535635,71,0253H0017700T100,253-H-177-T1,950,2016,Upper St. Clair,1,2,M10,CELL - MONOPOLE 50-74 - AVG,50,1,1989,,36900,71,T-MOBILE USA,2015/11/24 16:08:55.760+00,GISHelp,2015/11/24 16:08:55.760+00,GISHelp
-80.0050130105213,40.5140088982553,72,0281L0004100T100,281-L-41-T1,940,2016,Ross,1,3,M21,CELL - MONOPOLE 100-149 - GOOD,100,1,1991,,70400,72,AT&T WIRELESS,2015/11/24 16:08:55.760+00,GISHelp,2015/11/24 16:08:55.760+00,GISHelp
-79.8511161210356,40.4459252538311,73,0297M0019500T100,297-M-195-T1,816,2016,Churchill,1,5,M21,CELL - MONOPOLE 100-149 - GOOD,100,1,2002,,101200,73,AT&T WIRELESS,2015/11/24 16:08:55.760+00,GISHelp,2015/11/24 16:08:55.760+00,GISHelp
-80.1270788381475,40.3516916280986,74,0323F0000400T100,323-F-4-T1,946,2016,South Fayette,1,5,S30,CELL - SELF SPRT 200-224 - AVG,220,1,1994,,182000,74,VERIZON WIRELESS,2015/11/24 16:08:55.760+00,GISHelp,2015/11/24 16:08:55.760+00,GISHelp
-80.1189735502953,40.4967412475103,75,0210M0009600T100,210-M-96-T1,919,2016,Kennedy,1,6,S46,CELL - SELF SPRT 300-349 - GD,324,1,1998,,257400,75,CROWN COMMUNICATIONS INC,2015/11/24 16:08:55.760+00,GISHelp,2015/11/24 16:08:55.760+00,GISHelp
-80.142883261794,40.4820424880886,76,0270P0028600T200,270-P-286-T2,939,2016,Robinson,1,5,S26,CELL - SELF SPRT 150-199 - GD,180,1,1992,,132000,76,CROWN COMMUNICATIONS INC,2015/11/24 16:08:55.760+00,GISHelp,2015/11/24 16:08:55.760+00,GISHelp
-80.0707510194003,40.6445145822218,77,1824C0000200T100,1824-C-2-T1,923,2016,Marshall,1,5,M15,CELL - MONOPOLE 75-99 - AVG,80,1,1998,,66900,77,WATT MATTHEW C,2015/11/24 16:08:55.760+00,GISHelp,2015/11/24 16:08:55.760+00,GISHelp
-79.8973546602568,40.3963587978004,78,0131M0017500T100,131-M-175-T1,840,2016,Munhall,1,4,M26,CELL - MONOPOLE 150-199 - GOOD,150,1,1998,,140300,78,SBA COMMUNICATIONS CORPORATION,2015/11/24 16:08:55.760+00,GISHelp,2015/11/24 16:08:55.760+00,GISHelp
-80.0989987739811,40.4531788117267,79,0152D0002700T100,152-D-27-T1,919,2016,Kennedy,1,6,S26,CELL - SELF SPRT 150-199 - GD,180,1,1995,,136400,79,NCWPCS MPL 20 YEAR SITES TOWER,2015/11/24 16:08:55.760+00,GISHelp,2015/11/24 16:08:55.760+00,GISHelp
-80.1149490294605,40.4493519450145,80,0152E0023200T100,152-E-232-T1,939,2016,Robinson,1,5,M21,CELL - MONOPOLE 100-149 - GOOD,119,1,2000,,113900,80,AMERICAN TOWERS INC,2015/11/24 16:08:55.760+00,GISHelp,2015/11/24 16:08:55.760+00,GISHelp
-79.9484792229257,40.4969021331774,81,0167E0023400T100,167-E-234-T1,827,2016,Etna,1,6,S30,CELL - SELF SPRT 200-224 - AVG,210,1,1973,,148100,81,CROWN ATLANTIC COMPANY LLC,2015/11/24 16:08:55.760+00,GISHelp,2015/11/24 16:08:55.760+00,GISHelp
-80.0990161230932,40.4740470442342,82,0110N0030500T101,110-N-305-T1-01,919,2016,Kennedy,1,2,M21,CELL - MONOPOLE 100-149 - GOOD,104,1,2001,,96100,82,T-MOBILE USA,2015/11/24 16:08:55.760+00,GISHelp,2015/11/24 16:08:55.760+00,GISHelp
-80.1103110166614,40.4046549570397,83,0148P0009900T100,148-P-99-T1,905,2016,Collier,1,5,M15,CELL - MONOPOLE 75-99 - AVG,90,1,2001,,87100,83,AT&T WIRELESS,2015/11/24 16:08:55.760+00,GISHelp,2015/11/24 16:08:55.760+00,GISHelp
-79.8236743108234,40.4785968103273,84,0448G0024800T100,448-G-248-T1,934,2016,Penn Hills,1,6,S51,CELL - SELF SPRT 350-399 - GD,350,1,1998,"1,998",213900,84,CROWN COMMUNICATIONS INC,2015/11/24 16:08:55.760+00,GISHelp,2015/11/24 16:08:55.760+00,GISHelp
-79.9844929162998,40.3655381113654,85,0189S0015800T100,189-S-158-T1,810,2016,Brentwood,1,4,M21,CELL - MONOPOLE 100-149 - GOOD,145,1,1996,,130800,85,AT&T WIRELESS,2015/11/24 16:08:55.760+00,GISHelp,2015/11/24 16:08:55.760+00,GISHelp
-79.9236252743709,40.3763958072331,86,0185C0000100T100,185-C-1-T1,131,2016,31st Ward - PITTSBURGH,1,2,S26,CELL - SELF SPRT 150-199 - GD,199,1,1998,,158100,86,CROWN COMMUNICATIONS INC,2015/11/24 16:08:55.760+00,GISHelp,2015/11/24 16:08:55.760+00,GISHelp
-79.8490086209403,40.5287271605344,87,0362E0002000T101,362-E-20-T1-1,915,2016,Harmar,1,5,M25,CELL - MONOPOLE 150-199 - AVG,160,1,1993,,117900,87,AT&T WIRELESS,2015/11/24 16:08:55.760+00,GISHelp,2015/11/24 16:08:55.760+00,GISHelp
-80.0639511274559,40.484273950252,88,0113N0035000T100,113-N-350-T1,949,2016,Stowe,1,5,S25,CELL - SELF SPRT 150-199 - AVG,190,1,1996,,139300,88,AT&T WIRELESS,2015/11/24 16:08:55.760+00,GISHelp,2015/11/24 16:08:55.760+00,GISHelp
-80.0882644784016,40.3794718018599,89,0144R0027500T100,144-R-275-T1,941,2016,Scott,1,5,S40,CELL - SELF SPRT 250-299 - AVG,252,1,1998,,201300,89,CROWN COMMUNICATIONS INC,2015/11/24 16:08:55.760+00,GISHelp,2015/11/24 16:08:55.760+00,GISHelp
-79.9421765171468,40.4939831474346,90,0167P0009000T100,167-P-90-T1,827,2016,Etna,1,1,M26,CELL - MONOPOLE 150-199 - GOOD,160,1,1998,,133800,90,T-MOBILE USA,2015/11/24 16:08:55.760+00,GISHelp,2015/11/24 16:08:55.760+00,GISHelp
-79.9364401604347,40.488420182099,91,0120H0013800T100,120-H-138-T1,110,2016,10th Ward - PITTSBURGH,1,1,M26,CELL - MONOPOLE 150-199 - GOOD,180,1,1993,,144500,91,MORNINGSIDE REALTY INVESTMENT LLC,2015/11/24 16:08:55.760+00,GISHelp,2015/11/24 16:08:55.760+00,GISHelp
-79.9154661514342,40.4578130172001,92,0125E0029100T100,125-E-291-T1,112,2016,12th Ward - PITTSBURGH,1,1,S26,CELL - SELF SPRT 150-199 - GD,195,1,1985,,143000,92,T-MOBILE USA,2015/11/24 16:08:55.760+00,GISHelp,2015/11/24 16:08:55.760+00,GISHelp
-79.9741320090751,40.4936845403468,93,0165L0007500T200,165-L-75-T2,838,2016,Millvale,1,4,M21,CELL - MONOPOLE 100-149 - GOOD,125,1,2000,,118300,93,CROWN ATLANTIC COMPANY LLC,2015/11/24 16:08:55.760+00,GISHelp,2015/11/24 16:08:55.760+00,GISHelp
-79.973754284914,40.4935889532926,94,0165L0007500T100,165-L-75-T1,838,2016,Millvale,1,4,M21,CELL - MONOPOLE 100-149 - GOOD,110,1,2000,,104100,94,T-MOBILE USA,2015/11/24 16:08:55.760+00,GISHelp,2015/11/24 16:08:55.760+00,GISHelp
-80.0930692323287,40.537821275496,95,0426B0007500T100,426-B-75-T1,932,2016,Ohio,1,1,S46,CELL - SELF SPRT 300-349 - GD,300,1,1997,,180500,95,T-MOBILE USA,2015/11/24 16:08:55.760+00,GISHelp,2015/11/24 16:08:55.760+00,GISHelp
-79.9876551018485,40.3926012771169,96,0095C0025600T100,95-C-256-T1,129,2016,29th Ward - PITTSBURGH,1,6,M26,CELL - MONOPOLE 150-199 - GOOD,150,1,1997,,130400,96,LUNCINSKI VICTOR M JR,2015/11/24 16:08:55.760+00,GISHelp,2015/11/24 16:08:55.760+00,GISHelp
-79.9073800027404,40.4686889153521,97,0124G0026800T100,124-G-268-T1,112,2016,12th Ward - PITTSBURGH,1,4,M21,CELL - MONOPOLE 100-149 - GOOD,108,1,2000,,93900,97,SBA COMMUNICATIONS CORPORATION,2015/11/24 16:08:55.760+00,GISHelp,2015/11/24 16:08:55.760+00,GISHelp
-79.8524603010699,40.6499318235364,98,2012S0018300T100,2012-S-183-T1,952,2016,West Deer,1,5,M21,CELL - MONOPOLE 100-149 - GOOD,130,1,1998,,125800,98,AT&T WIRELESS,2015/11/24 16:08:55.760+00,GISHelp,2015/11/24 16:08:55.760+00,GISHelp
-79.9340892665449,40.6719879112238,99,2382J0038900T100,2382-J-389-T1,938,2016,Richland,1,3,S31,CELL - SELF SPRT 200-224 - GD,220,1,2000,,177800,99,SPACE 4-U INC,2015/11/24 16:08:55.760+00,GISHelp,2015/11/24 16:08:55.760+00,GISHelp
-80.1031373925111,40.6658375890298,100,2180D0000700T100,2180-D-7-T1,923,2016,Marshall,1,3,M21,CELL - MONOPOLE 100-149 - GOOD,146,1,1990,,115600,100,AMERICAN TOWERS INC,2015/11/24 16:08:55.760+00,GISHelp,2015/11/24 16:08:55.760+00,GISHelp
-79.9586290377481,40.2230832554722,101,1912L0005500T100,1912-L-55-T1,911,2016,Forward,1,3,S25,CELL - SELF SPRT 150-199 - AVG,160,1,1998,,97800,101,T-MOBILE USA,2015/11/24 16:08:55.760+00,GISHelp,2015/11/24 16:08:55.760+00,GISHelp
-79.951663678974,40.2203779016785,102,1911L0037800T100,1911-L-378-T1,911,2016,Forward,1,5,S41,CELL - SELF SPRT 250-299 - GD,280,1,1991,,171100,102,CROWN ATLANTIC COMPANY LLC,2015/11/24 16:08:55.760+00,GISHelp,2015/11/24 16:08:55.760+00,GISHelp
-80.0467255849881,40.6505495504056,103,2001J0000100T100,2001-J-1-T1,935,2016,Pine,1,1,M21,CELL - MONOPOLE 100-149 - GOOD,130,1,1997,,113000,103,AT&T WIRELESS,2015/11/24 16:08:55.760+00,GISHelp,2015/11/24 16:08:55.760+00,GISHelp
-79.7976979853439,40.3478224643829,104,0648A0022000T100,648-A-220-T1,875,2016,White Oak,1,4,M31,CELL - MONOPOLE 200-224 - GOOD,215,1,2004,,210500,104,NEXTEL WEST CORP,2015/11/24 16:08:55.760+00,GISHelp,2015/11/24 16:08:55.760+00,GISHelp
-80.2576021627349,40.5145130359697,105,0924L0024800T100,924-L-248-T1,925,2016,Moon,1,4,S21,CELL - SELF SPRT 100-149 - GD,100,1,1998,,61100,105,CROWN COMMUNICATIONS INC,2015/11/24 16:08:55.760+00,GISHelp,2015/11/24 16:08:55.760+00,GISHelp
-79.7698509214078,40.6047434828584,106,1222G0001000T200,1222-G-10-T2,855,2016,Tarentum,1,6,S41,CELL - SELF SPRT 250-299 - GD,260,1,2003,"2,003",228800,106,CROWN ATLANTIC COMPANY LLC,2015/11/24 16:08:55.760+00,GISHelp,2015/11/24 16:08:55.760+00,GISHelp
-79.9518375692881,40.6226974498486,107,1505S0006000T100,1505-S-60-T1,938,2016,Richland,1,4,S36,CELL - SELF SPRT 225-249 - GD,245,1,2000,,202700,107,SPRINT SPECTRUM LP,2015/11/24 16:08:55.760+00,GISHelp,2015/11/24 16:08:55.760+00,GISHelp
-80.2968529388664,40.4930764028211,108,1180N0018700T100,1180-N-187-T1,910,2016,Findlay,1,4,M15,CELL - MONOPOLE 75-99 - AVG,95,1,2004,,89900,108,T-MOBILE USA,2015/11/24 16:08:55.760+00,GISHelp,2015/11/24 16:08:55.760+00,GISHelp
-79.9891486898939,40.579778272482,109,0828G0006000T100,828-G-60-T1,914,2016,Hampton,1,3,M21,CELL - MONOPOLE 100-149 - GOOD,109,1,2001,,105500,109,GLOBAL SIGNAL ACQUISITIONS III LLC,2015/11/24 16:08:55.760+00,GISHelp,2015/11/24 16:08:55.760+00,GISHelp
-80.0473425381964,40.5996625975736,110,1206N0012800T100,1206-N-128-T1,927,2016,McCandless,1,5,M26,CELL - MONOPOLE 150-199 - GOOD,165,1,1998,,145200,110,AT&T WIRELESS,2015/11/24 16:08:55.760+00,GISHelp,2015/11/24 16:08:55.760+00,GISHelp
-79.9383845625314,40.6059507174943,111,1212C0028200T100,1212-C-282-T1,914,2016,Hampton,1,3,M26,CELL - MONOPOLE 150-199 - GOOD,176,1,1991,,135500,111,AT&T WIRELESS,2015/11/24 16:08:55.760+00,GISHelp,2015/11/24 16:08:55.760+00,GISHelp
-79.9884191809869,40.637270233157,112,1829M0009600T100,1829-M-96-T1,938,2016,Richland,1,3,S31,CELL - SELF SPRT 200-224 - GD,205,1,2005,,177300,112,AMERICAN TOWERS INC,2015/11/24 16:08:55.760+00,GISHelp,2015/11/24 16:08:55.760+00,GISHelp
-80.0662131352844,40.3620094195594,113,0253H0017700T200,253-H-177-T2,950,2016,Upper St. Clair,1,2,M10,CELL - MONOPOLE 50-74 - AVG,50,1,2006,,50100,113,GLOBAL SIGNAL ACQUISITIONS III LLC,2015/11/24 16:08:55.760+00,GISHelp,2015/11/24 16:08:55.760+00,GISHelp
-79.7856840584307,40.4685388938497,114,0635H0024500T100,635-H-245-T1,934,2016,Penn Hills,1,4,M26,CELL - MONOPOLE 150-199 - GOOD,180,1,2002,,164300,114,T-MOBILE USA,2015/11/24 16:08:55.760+00,GISHelp,2015/11/24 16:08:55.760+00,GISHelp
-79.9331963866564,40.58308847868,115,0951J0010000T100,951-J-100-T1,914,2016,Hampton,1,3,S56,CELL - SELF SPRT 400-449 - GD,420,1,1997,,328500,115,CROWN COMMUNICATIONS INC,2015/11/24 16:08:55.760+00,GISHelp,2015/11/24 16:08:55.760+00,GISHelp
-79.7894688799963,40.5810533275386,116,0959P0005900T100,959-P-59-T1,913,2016,Frazer,1,5,S25,CELL - SELF SPRT 150-199 - AVG,150,1,1999,,86000,116,AMERICAN TOWERS INC,2015/11/24 16:08:55.760+00,GISHelp,2015/11/24 16:08:55.760+00,GISHelp
-79.7696166727724,40.6042290454975,117,1222G0001000T100,1222-G-10-T1,855,2016,Tarentum,1,4,S25,CELL - SELF SPRT 150-199 - AVG,197,1,1997,,118500,117,T-MOBILE USA,2015/11/24 16:08:55.760+00,GISHelp,2015/11/24 16:08:55.760+00,GISHelp
-79.8956877931237,40.5799841565928,118,0834B0023200T100,834-B-232-T1,917,2016,Indiana,1,4,S31,CELL - SELF SPRT 200-224 - GD,210,1,1985,,154000,118,COUNCIL OF THREE RIVERS AMERICAN,2015/11/24 16:08:55.760+00,GISHelp,2015/11/24 16:08:55.760+00,GISHelp
-80.2483780264984,40.4285967944032,119,0915H0000100T100,915-H-1-T1,929,2016,North Fayette,1,4,S35,CELL - SELF SPRT 225-249 - AVG,240,1,1996,,185000,119,CROWN ATLANTIC COMPANY LLC,2015/11/24 16:08:55.760+00,GISHelp,2015/11/24 16:08:55.760+00,GISHelp
-79.7865681278982,40.4681615205945,120,0635H0029400T100,635-H-294-T1,934,2016,Penn Hills,1,5,S15,CELL - SELF SPRT 75-99 - AVG,90,1,1989,,42300,120,VERIZON WIRELESS,2015/11/24 16:08:55.760+00,GISHelp,2015/11/24 16:08:55.760+00,GISHelp
-79.9547388658378,40.5617768252735,121,0719R0000100T100,719-R-1-T1,914,2016,Hampton,1,6,M26,CELL - MONOPOLE 150-199 - GOOD,165,1,1997,,150600,121,AT&T WIRELESS,2015/11/24 16:08:55.760+00,GISHelp,2015/11/24 16:08:55.760+00,GISHelp
-80.0071481990391,40.6347258754435,122,1661G0001200T100,1661-G-12-T1,935,2016,Pine,1,6,S31,CELL - SELF SPRT 200-224 - GD,200,1,1996,,135400,122,VERIZON WIRELESS,2015/11/24 16:08:55.760+00,GISHelp,2015/11/24 16:08:55.760+00,GISHelp
-79.8221827850465,40.4812913447182,123,0448C0017600T100,448-C-176-T1,934,2016,Penn Hills,1,6,M20,CELL - MONOPOLE 100-149 - AVG,100,1,1997,,92400,123,CROWN ATLANTIC COMPANY LLC,2015/11/24 16:08:55.760+00,GISHelp,2015/11/24 16:08:55.760+00,GISHelp
-79.8946500796387,40.5983248288048,124,1080B0002400T100,1080-B-24-T1,952,2016,West Deer,1,9,S41,CELL - SELF SPRT 250-299 - GD,250,1,1997,,202100,124,CROWN ATLANTIC COMPANY LLC,2015/11/24 16:08:55.760+00,GISHelp,2015/11/24 16:08:55.760+00,GISHelp
-79.8664088530369,40.3841342361951,125,0238M0020000T100,238-M-200-T1,870,2016,West Mifflin,1,1,M15,CELL - MONOPOLE 75-99 - AVG,90,1,2010,"2,010",95000,125,T-MOBILE USA,2015/11/24 16:08:55.760+00,GISHelp,2015/11/24 16:08:55.760+00,GISHelp
-80.0285705726841,40.440429192796,126,0006F0000700T100,6-F-7-T1,119,2016,19th Ward - PITTSBURGH,1,1,M20,CELL - MONOPOLE 100-149 - AVG,100,1,2009,,103400,126,T-MOBILE USA,2015/11/24 16:08:55.760+00,GISHelp,2015/11/24 16:08:55.760+00,GISHelp
-80.050087433774,40.5071736213581,127,0216E0022500T100,216-E-225-T1,940,2016,Ross,1,1,M15,CELL - MONOPOLE 75-99 - AVG,80,1,2008,,81800,127,T-MOBILE USA,2015/11/24 16:08:55.760+00,GISHelp,2015/11/24 16:08:55.760+00,GISHelp
-80.1588742506904,40.5460561805729,128,0509L0010000T100,509-L-100-T1,851,2016,Sewickley,1,7,S41,CELL - SELF SPRT 250-299 - GD,250,1,1997,,150400,128,CROWN COMMUNICATIONS INC,2015/11/24 16:08:55.760+00,GISHelp,2015/11/24 16:08:55.760+00,GISHelp
-79.8189060983932,40.3838797079285,129,0458D0012400T100,458-D-124-T1,930,2016,North Versailles,1,7,M20,CELL - MONOPOLE 100-149 - AVG,170,1,2000,"2,000",172000,129,CROWN COMMUNICATIONS INC,2015/11/24 16:08:55.760+00,GISHelp,2015/11/24 16:08:55.760+00,GISHelp
-79.8802279785855,40.3208353711367,130,0558M0030600T100,558-M-306-T1,829,2016,Glassport,1,1,G20,CELL - GUYED 24 INCH BASE - AV,200,1,1997,,42800,130,PITTSBURGH SMSA LP,2015/11/24 16:08:55.760+00,GISHelp,2015/11/24 16:08:55.760+00,GISHelp
-79.9752339852575,40.5957289702638,131,1075F00106000000,1075-F-106,914,2016,Hampton,1,1,M26,CELL - MONOPOLE 150-199 - GOOD,150,1,2005,,148500,131,SBA TOWERS II LLC,2015/11/24 16:08:55.760+00,GISHelp,2015/11/24 16:08:55.760+00,GISHelp
-79.9703948597504,40.5392861690159,132,0433H0017500T100,433-H-175-T1,944,2016,Shaler,1,1,S26,CELL - SELF SPRT 150-199 - GD,199,1,2001,,167800,132,CROWN COMMUNICATIONS INC,2015/11/24 16:08:55.760+00,GISHelp,2015/11/24 16:08:55.760+00,GISHelp
-79.8118251599082,40.442154297577,133,0541A0024000T200,541-A-240-T2,934,2016,Penn Hills,1,5,M26,CELL - MONOPOLE 150-199 - GOOD,160,1,1991,,123200,133,CROWN COMMUNICATIONS INC,2015/11/24 16:08:55.760+00,GISHelp,2015/11/24 16:08:55.760+00,GISHelp
-79.8121882876579,40.4422003397196,134,0541A0024000T100,541-A-240-T1,934,2016,Penn Hills,1,6,M21,CELL - MONOPOLE 100-149 - GOOD,120,1,1998,,108200,134,AT&T WIRELESS,2015/11/24 16:08:55.760+00,GISHelp,2015/11/24 16:08:55.760+00,GISHelp
-79.9964748123826,40.3829075612012,135,0138A0021700T100,138-A-217-T1,132,2016,32nd Ward - PITTSBURGH,1,1,M15,CELL - MONOPOLE 75-99 - AVG,80,1,2010,,84500,135,T-MOBILE USA,2015/11/24 16:08:55.760+00,GISHelp,2015/11/24 16:08:55.760+00,GISHelp
-80.1993108785465,40.5295155215886,136,0505E0012700T100,505-E-127-T1,925,2016,Moon,1,4,S21,CELL - SELF SPRT 100-149 - GD,145,1,2001,,122300,136,CROWN ATLANTIC COMPANY LLC,2015/11/24 16:08:55.760+00,GISHelp,2015/11/24 16:08:55.760+00,GISHelp
-79.9417576340355,40.3416281579268,137,0387F0007500T100,387-F-75-T1,870,2016,West Mifflin,1,1,M15,CELL - MONOPOLE 75-99 - AVG,80,1,2007,,80100,137,T-MOBILE USA,2015/11/24 16:08:55.760+00,GISHelp,2015/11/24 16:08:55.760+00,GISHelp
-79.928461666694,40.4194030408082,138,0088F0001100T100,88-F-11-T1,115,2016,15th Ward - PITTSBURGH,1,1,M10,CELL - MONOPOLE 50-74 - AVG,69,2,1995,,107800,138,SPRINT,2015/11/24 16:08:55.760+00,GISHelp,2015/11/24 16:08:55.760+00,GISHelp
-80.2202857518432,40.5212006797885,139,0698D0022500T100,698-D-225-T1,925,2016,Moon,1,6,M15,CELL - MONOPOLE 75-99 - AVG,75,1,1993,,65200,139,AT&T WIRELESS,2015/11/24 16:08:55.760+00,GISHelp,2015/11/24 16:08:55.760+00,GISHelp
-79.9880176854939,40.277460336907,140,1008P0012500T100,1008-P-125-T1,945,2016,South Park,1,4,M36,CELL - MONOPOLE 225-249 - GOOD,230,1,2003,,227700,140,SBA COMMUNICATIONS CORPORATION,2015/11/24 16:08:55.760+00,GISHelp,2015/11/24 16:08:55.760+00,GISHelp
-80.1205396053969,40.3316254800044,141,0481G0001100T100,481-G-11,946,2016,South Fayette,1,1,M21,CELL - MONOPOLE 100-149 - GOOD,100,1,2010,"2,010",110000,141,CLEARWIRE CORPORATION,2015/11/24 16:08:55.760+00,GISHelp,2015/11/24 16:08:55.760+00,GISHelp
-80.0005822345937,40.3743612608775,142,0138N0015000T100,138-N-150-T1,874,2016,Whitehall,1,1,S25,CELL - SELF SPRT 150-199 - AVG,150,1,2002,"2,002",129700,142,CROWN ATLANTIC COMPANY LLC,2015/11/24 16:08:55.760+00,GISHelp,2015/11/24 16:08:55.760+00,GISHelp
-79.791763604111,40.5576788394461,143,0626B0005000T100,626-B-50-T1,948,2016,Springdale Twp,1,4,M25,CELL - MONOPOLE 150-199 - AVG,175,1,2007,,175200,143,NEW CINGULAR WIRELESS PCS LLC,2015/11/24 16:08:55.760+00,GISHelp,2015/11/24 16:08:55.760+00,GISHelp
-80.1686286519212,40.5215732878716,144,0420S0002000T100,420-S-20-T1,817,2016,Coraopolis,1,1,M26,CELL - MONOPOLE 150-199 - GOOD,180,1,2001,,160400,144,GLOBAL SIGNAL ACQUISITIONS II LLC,2015/11/24 16:08:55.760+00,GISHelp,2015/11/24 16:08:55.760+00,GISHelp
-79.920654397169,40.6653387514047,145,2382R0023200T100,2382-R-232-T1,952,2016,West Deer,1,7,S51,CELL - SELF SPRT 350-399 - GD,350,1,1997,"1,997",286200,145,CROWN COMMUNICATIONS INC,2015/11/24 16:08:55.760+00,GISHelp,2015/11/24 16:08:55.760+00,GISHelp
-79.8520283298144,40.5940477441838,146,1082M0035800T100,1082-M-358-T1,917,2016,Indiana,1,5,G31,CELL - GUYED 30 INCH BASE - GD,323,1,2000,,92100,146,NCWPCS MPL 20 YEAR SITES TOWER HOLDINGS,2015/11/24 16:08:55.760+00,GISHelp,2015/11/24 16:08:55.760+00,GISHelp
-79.9518782958743,40.6313747805572,147,1664H0011500T100,1664-H-115-T1,938,2016,Richland,1,6,S51,CELL - SELF SPRT 350-399 - GD,350,1,2000,,273100,147,CROWN COMMUNICATIONS INC,2015/11/24 16:08:55.760+00,GISHelp,2015/11/24 16:08:55.760+00,GISHelp
-80.2324876325991,40.5297357153402,148,0699A0025600T100,699-A-256-T1,925,2016,Moon,1,4,M20,CELL - MONOPOLE 100-149 - AVG,115,1,1997,,75900,148,AT&T WIRELESS,2015/11/24 16:08:55.760+00,GISHelp,2015/11/24 16:08:55.760+00,GISHelp
-80.2544179164927,40.466106147558,149,0696D0039600T100,696-D-396-T1,910,2016,Findlay,1,2,S26,CELL - SELF SPRT 150-199 - GD,150,1,1999,,130100,149,CROWN COMMUNICATIONS INC,2015/11/24 16:08:55.760+00,GISHelp,2015/11/24 16:08:55.760+00,GISHelp
-79.7744723076462,40.5121691855368,151,0736D0009800T100,736-D-98-T1,880,2016,Plum,1,1,G20,CELL - GUYED 24 INCH BASE - AV,165,2,2001,,79900,151,CINGULAR WIRELESS,2015/11/24 16:08:55.760+00,GISHelp,2015/11/24 16:08:55.760+00,GISHelp
-79.9044719332785,40.3199176405797,152,0559R0002500T100,559-R-25-T1,878,2016,Jefferson Hills,1,1,M26,CELL - MONOPOLE 150-199 - GOOD,160,1,1999,,142600,152,SBA TOWERS,2015/11/24 16:08:55.760+00,GISHelp,2015/11/24 16:08:55.760+00,GISHelp
-80.2458565371316,40.5104630300917,153,0806A00232000000,806-A-232,925,2016,Moon,1,6,S16,CELL - SELF SPRT 75-99 - GD,80,1,1999,,59600,153,K2 TOWERS LLC,2015/11/24 16:08:55.760+00,GISHelp,2015/11/24 16:08:55.760+00,GISHelp
-80.0515940737275,40.3550702024866,154,0252S0034000T100,252-S-340-T1,926,2016,Mt.Lebanon,1,1,M21,CELL - MONOPOLE 100-149 - GOOD,127,1,2008,"2,008",131300,154,CROWN ATLANTIC COMPANY LLC,2015/11/24 16:08:55.760+00,GISHelp,2015/11/24 16:08:55.760+00,GISHelp
-79.799346369223,40.6549099228441,155,2199N0032300T100,2199-N-323-T1,909,2016,Fawn,1,1,S41,CELL - SELF SPRT 250-299 - GD,264,1,1999,,196800,179,SBA TOWERS INC,2015/11/24 16:08:55.760+00,GISHelp,2015/11/24 16:08:55.760+00,GISHelp
-79.9322492305392,40.3601123130986,157,0245M0000500T100,245-M-5-T1,870,2016,West Mifflin,1,1,S20,CELL - SELF SPRT 100-149 - AVG,120,1,1993,,57500,181,CROWN ATLANTIC CO LLC,2015/11/24 16:08:55.760+00,GISHelp,2015/11/24 16:08:55.760+00,GISHelp
-79.7777522091128,40.4867670723851,158,0738K00260000000,738-K-260,880,2016,Plum,1,9,S20,CELL - SELF SPRT 100-149 - AVG,100,1,1990,,47000,182,SCHULTHEIS SUSAN,2015/11/24 16:08:55.760+00,GISHelp,2015/11/24 16:08:55.760+00,GISHelp
-79.8708288181593,40.4598023579874,159,0231H0030000T100,231-H-300-T1-0,934,2016,Penn Hills,1,2,M20,CELL - MONOPOLE 100-149 - AVG,120,1,2008,,124100,183,SBA MONARCH TOWERS II LLC,2015/11/24 16:08:55.760+00,GISHelp,2015/11/24 16:08:55.760+00,GISHelp
-80.0328972567786,40.407275461648,160,0036M0021600T100,36-M-216-T1-0,120,2016,20th Ward - PITTSBURGH,1,1,M20,CELL - MONOPOLE 100-149 - AVG,100,1,2009,,103400,184,SBA MONARCH II LLC,2015/11/24 16:08:55.760+00,GISHelp,2015/11/24 16:08:55.760+00,GISHelp
-79.9877248362191,40.5072508296551,161,0219G0015300T100,219-G-153-T1,940,2016,Ross,1,1,M15,CELL - MONOPOLE 75-99 - AVG,78,1,1997,"1,997",58300,185,CROWN CASTLE,2015/11/24 16:08:55.760+00,GISHelp,2015/11/24 16:08:55.760+00,GISHelp
-79.9760645851672,40.4542408021835,162,0025P0027500T101,25-P-275-T1-1,106,2016,2nd Ward - PITTSBURGH,1,1,M21,CELL - MONOPOLE 100-149 - GOOD,120,1,1990,,83200,186,BUNCHER COMPANY,2015/11/24 16:08:55.760+00,GISHelp,2015/11/24 16:08:55.760+00,GISHelp
-80.0944456932311,40.6546601140401,163,1998B00003000000,1998-B-3,923,2016,Marshall,1,6,S41,CELL - SELF SPRT 250-299 - GD,251,1,1990,,184000,187,CROWN ATLANTIC COMPANY LLC,2015/11/24 16:08:55.760+00,GISHelp,2015/11/24 16:08:55.760+00,GISHelp
-79.8936701551682,40.6210513022987,164,1509P00387000000,1509-P-387,952,2016,West Deer,1,7,S41,CELL - SELF SPRT 250-299 - GD,260,1,1988,,176000,188,M C I TELECOMMUNICATIONS CORP,2015/11/24 16:08:55.760+00,GISHelp,2015/11/24 16:08:55.760+00,GISHelp
-80.1797962429484,40.384347528527,165,0405A00003000000,405-A-3,946,2016,South Fayette,1,6,S31,CELL - SELF SPRT 200-224 - GD,200,1,1993,,167300,189,CROWN COMMUNICATIONS INC,2015/11/24 16:08:55.760+00,GISHelp,2015/11/24 16:08:55.760+00,GISHelp
-79.7696524956222,40.6045278302281,166,1222G0001000T300,1222-G-10-T3,855,2016,Tarentum,1,5,S46,CELL - SELF SPRT 300-349 - GD,310,1,1983,,218600,190,COMCAST OF PENNSYLVANIA INC,2015/11/24 16:08:55.760+00,GISHelp,2015/11/24 16:08:55.760+00,GISHelp
-79.9996327304635,40.3987978895365,167,0061M0000400T100,61-M-4-T1,132,2016,32nd Ward - PITTSBURGH,1,1,M15,CELL - MONOPOLE 75-99 - AVG,80,1,2005,,77400,191,CROWN COMMUNICATIONS INC,2015/11/24 16:08:55.760+00,GISHelp,2015/11/24 16:08:55.760+00,GISHelp
-79.8614898793537,40.4819172159113,168,0293P0005800T100,293-P-58-T1,934,2016,Penn Hills,1,1,M25,CELL - MONOPOLE 150-199 - AVG,150,1,2014,"2,014",161700,192,CROWN COMMUNICATIONS,2015/11/24 16:08:55.760+00,GISHelp,2015/11/24 16:08:55.760+00,GISHelp
-80.236779438102,40.5287254047912,169,0808C0003700T100,808-C-37-T1,925,2016,Moon,1,1,M31,CELL - MONOPOLE 200-224 - GOOD,200,1,1997,,173800,193,GLOBAL SIGNAL ACQUISITIONS II LLC,2015/11/24 16:08:55.760+00,GISHelp,2015/11/24 16:08:55.760+00,GISHelp
-80.0064222760965,40.4923062541363,170,0163R00050000000,163-R-50,126,2016,26th Ward - PITTSBURGH,1,3,G30,CELL - GUYED 30 INCH BASE - AV,120,1,1976,,13700,194,RENDA ANTHONY F,2015/11/24 16:08:55.760+00,GISHelp,2015/11/24 16:08:55.760+00,GISHelp
-80.0045016075762,40.4972483911645,171,0163G00350000000,163-G-350,126,2016,26th Ward - PITTSBURGH,1,3,M36,CELL - MONOPOLE 225-249 - GOOD,239,1,1995,,134100,195,AMERICAN TOWERS INC,2015/11/24 16:08:55.760+00,GISHelp,2015/11/24 16:08:55.760+00,GISHelp
-79.7097560569497,40.4539337828859,172,1241P0028400T100,1241-P-284-T1,880,2016,Plum,1,1,M20,CELL - MONOPOLE 100-149 - AVG,125,1,2002,,118300,196,SBA COMMUNICATIONS CORPORATION,2015/11/24 16:08:55.760+00,GISHelp,2015/11/24 16:08:55.760+00,GISHelp
-79.7577439782744,40.4465039317968,173,0855L00246000001,855-L-246-0-1,879,2016,Monroeville,1,5,S35,CELL - SELF SPRT 225-249 - AVG,225,1,1990,,137500,197,CROWN COMMUNICATIONS INC,2015/11/24 16:08:55.760+00,GISHelp,2015/11/24 16:08:55.760+00,GISHelp
-79.7169929388114,40.4268166911298,174,1107M00002000000,1107-M-2,879,2016,Monroeville,1,4,S25,CELL - SELF SPRT 150-199 - AVG,150,1,1980,,91700,198,HABERSTROH KEVIN C & REBECCA S (W),2015/11/24 16:08:55.760+00,GISHelp,2015/11/24 16:08:55.760+00,GISHelp
-79.8356082453779,40.28641493534,175,0999D0031200T100,999-D-312-T1,908,2016,Elizabeth Twp,1,1,M20,CELL - MONOPOLE 100-149 - AVG,100,1,2002,,94600,199,CROWN COMMUNICATIONS INC,2015/11/24 16:08:55.760+00,GISHelp,2015/11/24 16:08:55.760+00,GISHelp
-79.8559032787518,40.4051496805922,176,0301R0005000T100,301-R-50-T1,843,2016,North Braddock,1,1,S56,CELL - SELF SPRT 400-449 - GD,449,1,1990,,232100,200,CROWN COMMUNICATIONS INC,2015/11/24 16:08:55.760+00,GISHelp,2015/11/24 16:08:55.760+00,GISHelp
-79.7169595332222,40.4888039682175,177,1101D0014300T100,1101-D-143-T1,880,2016,Plum,1,1,M25,CELL - MONOPOLE 150-199 - AVG,180,1,2010,,190100,201,SBA COMMUNICATIONS CORPORATION,2015/11/24 16:08:55.760+00,GISHelp,2015/11/24 16:08:55.760+00,GISHelp
-79.9313317884332,40.3786762149016,178,0134J0010000T100,134-J-100-T1,131,2016,31st Ward - PITTSBURGH,1,6,M21,CELL - MONOPOLE 100-149 - GOOD,130,1,2002,,123000,202,SBA COMMUNICATIONS CORPORATION,2015/11/24 16:08:55.760+00,GISHelp,2015/11/24 16:08:55.760+00,GISHelp
-80.1525149770946,40.5021411366299,179,0341S0003900T100,341-S-39-T1,925,2016,Moon,1,1,M25,CELL - MONOPOLE 150-199 - AVG,165,1,2011,,177900,203,CELL TOWER LEASE ACQUISITION LLC,2015/11/24 16:08:55.760+00,GISHelp,2015/11/24 16:08:55.760+00,GISHelp
-79.8855022752006,40.2590372712266,180,1272S00245000000,1272-S-245,911,2016,Forward,2,1,M21,CELL - MONOPOLE 100-149 - GOOD,100,1,2008,,103400,204,DILLNER W J TRANSFER CO,2015/11/24 16:08:55.760+00,GISHelp,2015/11/24 16:08:55.760+00,GISHelp
-79.910040707743,40.356296874947,181,0243P00144000000,243-P-144,870,2016,West Mifflin,1,4,M25,CELL - MONOPOLE 150-199 - AVG,150,1,2001,,138600,205,KRANACK ROBERT J & NANCY (W),2015/11/24 16:08:55.760+00,GISHelp,2015/11/24 16:08:55.760+00,GISHelp
-80.1115854711255,40.4975986906258,182,0157F00275000000,157-F-275,919,2016,Kennedy,1,5,M16,CELL - MONOPOLE 75-99 - GOOD,80,1,1993,,64200,206,CROWN ATLANTIC COMPANY LLC,2015/11/24 16:08:55.760+00,GISHelp,2015/11/24 16:08:55.760+00,GISHelp
-80.1291216407245,40.4539922474922,183,0205A0014100T100,205-A-141-T1,939,2016,Robinson,1,1,M26,CELL - MONOPOLE 150-199 - GOOD,160,1,2010,"2,010",169000,207,SBA COMMUNICATIONS CORPORATION,2015/11/24 16:08:55.760+00,GISHelp,2015/11/24 16:08:55.760+00,GISHelp
-80.0973536204313,40.4102336405412,184,0103E00080000000,103-E-80,812,2016,Carnegie,1,8,S45,CELL - SELF SPRT 300-349 - AVG,310,1,1995,,265200,208,CROWN COMMUNICATIONS INC,2015/11/24 16:08:55.760+00,GISHelp,2015/11/24 16:08:55.760+00,GISHelp
-80.1258712922313,40.5278972898524,186,0345C0021000T100,345-C-210-T1,901,2016,Aleppo,1,5,M26,CELL - MONOPOLE 150-199 - GOOD,156,1,2002,,147600,210,SBA COMMUNICATIONS CORPORATION,2015/11/24 16:08:55.760+00,GISHelp,2015/11/24 16:08:55.760+00,GISHelp
-80.2071178667719,40.5190323242207,187,0698D0034400T100,698-D-344-T1,925,2016,Moon,1,1,M10,CELL - MONOPOLE 50-74 - AVG,66,1,2001,,66800,211,SPRINT SPECTRUM LP,2015/11/24 16:08:55.760+00,GISHelp,2015/11/24 16:08:55.760+00,GISHelp
-79.8411047066529,40.2781361488178,188,0999R0004100T100,999-R-41-t1,908,2016,Elizabeth Twp,1,1,M20,CELL - MONOPOLE 100-149 - AVG,150,1,1997,"1,997",122100,155,AT&T WIRELESS,2015/11/24 16:08:55.760+00,GISHelp,2015/11/24 16:08:55.760+00,GISHelp
-79.9312115928819,40.4117453887649,189,0089A0011600T100,89-A-116-T1,115,2016,15th Ward - PITTSBURGH,1,5,S55,CELL - SELF SPRT 400-449 - AVG,450,1,1996,"1,996",236900,156,CROWN COMMUNICATIONS INC,2015/11/24 16:08:55.760+00,GISHelp,2015/11/24 16:08:55.760+00,GISHelp
-79.8314343186966,40.4450514530324,190,0451N0036700T100,451-N-367-T1,934,2016,Penn Hills,1,1,M20,CELL - MONOPOLE 100-149 - AVG,110,1,1995,,102900,157,T-MOBILE USA,2015/11/24 16:08:55.760+00,GISHelp,2015/11/24 16:08:55.760+00,GISHelp
-80.2855270402428,40.4530594048202,191,1176L0005600T100,1176-L-56-T1,910,2016,Findlay,1,5,M26,CELL - MONOPOLE 150-199 - GOOD,265,1,2005,,256500,158,AT&T WIRELESS,2015/11/24 16:08:55.760+00,GISHelp,2015/11/24 16:08:55.760+00,GISHelp
-79.9223614204187,40.5263148245327,192,0357G00100070400,357-G-100-704,931,2016,O''Hara,1,1,G21,CELL - GUYED 24 INCH BASE - GD,,1,2012,"2,012",0,159,LORETTA S LOBES IRREVOCABLE TRUST,2015/11/24 16:08:55.760+00,GISHelp,2015/11/24 16:08:55.760+00,GISHelp
-79.980303275788,40.3509935562648,193,0314E0010000T100,314-E-100-T1,874,2016,Whitehall,1,2,S25,CELL - SELF SPRT 150-199 - AVG,164,1,1997,,87900,160,T-MOBILE USA,2015/11/24 16:08:55.760+00,GISHelp,2015/11/24 16:08:55.760+00,GISHelp
-79.9220204621858,40.5264787528503,194,0357G00100070500,357-G-100-705,931,2016,O''Hara,1,1,G21,CELL - GUYED 24 INCH BASE - GD,,1,2012,"2,012",0,161,MILLER JOHN R,2015/11/24 16:08:55.760+00,GISHelp,2015/11/24 16:08:55.760+00,GISHelp
-80.1436307063014,40.608104147953,195,1343K0008300T100,1343-K-83-T1,884,2016,Franklin Park,1,1,M26,CELL - MONOPOLE 150-199 - GOOD,199,1,2010,,212300,162,SBA TOWERS LLC,2015/11/24 16:08:55.760+00,GISHelp,2015/11/24 16:08:55.760+00,GISHelp
-79.9311965755049,40.2968042348835,196,0881A0007200T300,881-A-72-T3,878,2016,Jefferson Hills,1,1,S15,CELL - SELF SPRT 75-99 - AVG,75,1,2010,"2,010",44400,163,AT&T WIRELESS,2015/11/24 16:08:55.760+00,GISHelp,2015/11/24 16:08:55.760+00,GISHelp
-79.7695923843408,40.489501858085,197,0738D0021200T100,738-D-212-T1-0,880,2016,Plum,1,1,M25,CELL - MONOPOLE 150-199 - AVG,150,1,2010,"2,010",158400,164,CROWN CASTLE INTERNATIONAL,2015/11/24 16:08:55.760+00,GISHelp,2015/11/24 16:08:55.760+00,GISHelp
-80.0371230328743,40.5318140740327,198,0429S0031800T102,429-S-318-T1-2,940,2016,Ross,1,3,M20,CELL - MONOPOLE 100-149 - AVG,100,1,2008,"2,008",102300,165,SBA MONARCH TOWERS II LLC,2015/11/24 16:08:55.760+00,GISHelp,2015/11/24 16:08:55.760+00,GISHelp
-79.9956175007564,40.3370502095934,199,0390P0005000T100,390-P-50-T1,877,2016,South Park,1,4,M21,CELL - MONOPOLE 100-149 - GOOD,140,1,2008,"2,008",144800,166,CROWN CASTLE,2015/11/24 16:08:55.760+00,GISHelp,2015/11/24 16:08:55.760+00,GISHelp
-79.7808259453946,40.5275849368062,200,0734A0010100T100,734-A-101-T1,880,2016,Plum,1,1,S21,CELL - SELF SPRT 100-149 - GD,100,1,2004,,69600,167,CROWN ATLANTIC CO LLC,2015/11/24 16:08:55.760+00,GISHelp,2015/11/24 16:08:55.760+00,GISHelp
-79.9789582683349,40.3242633328312,201,0473H0015000T100,473-H-150-T1,878,2016,Jefferson Hills,1,7,M25,CELL - MONOPOLE 150-199 - AVG,160,1,2010,,169000,168,AT&T WIRELESS,2015/11/24 16:08:55.760+00,GISHelp,2015/11/24 16:08:55.760+00,GISHelp
-79.978967848926,40.3238354945143,202,0473H0015000T200,473-H-150-T2,878,2016,Jefferson Hills,1,1,M25,CELL - MONOPOLE 150-199 - AVG,160,1,2004,,151400,169,NEXTEL WEST CORP,2015/11/24 16:08:55.760+00,GISHelp,2015/11/24 16:08:55.760+00,GISHelp
-79.8142305158991,40.5175418095315,203,0533E0007500T100,533-E-75-T1,880,2016,Plum,1,1,S26,CELL - SELF SPRT 150-199 - GD,199,1,1999,,123500,170,SBA COMMUNICATIONS CORPORATION,2015/11/24 16:08:55.760+00,GISHelp,2015/11/24 16:08:55.760+00,GISHelp
-79.8679157663009,40.4322255551316,204,0234D0010000T100,234-D-100-T1,866,2016,Wilkinsburg,1,1,S40,CELL - SELF SPRT 250-299 - AVG,250,1,2000,,207700,171,NEW TOWERS LLC,2015/11/24 16:08:55.760+00,GISHelp,2015/11/24 16:08:55.760+00,GISHelp
-79.8588280536937,40.411784970333,205,0301A0020000T100,301-A-200-T1,872,2016,Braddock Hills,1,1,M25,CELL - MONOPOLE 150-199 - AVG,150,1,2000,,130400,172,SBA MONARCH TOWERS II LLC,2015/11/24 16:08:55.760+00,GISHelp,2015/11/24 16:08:55.760+00,GISHelp
-79.9030390926003,40.2789232310442,206,1003K0012500T100,1003-K-125-T1,878,2016,Jefferson Hills,1,1,M26,CELL - MONOPOLE 150-199 - GOOD,188,1,2001,,173700,173,SBA COMMUNICATIONS CORPORATION,2015/11/24 16:08:55.760+00,GISHelp,2015/11/24 16:08:55.760+00,GISHelp
-80.2834660372937,40.4971771590435,207,1180H00001000000,1180-H-1,910,2016,Findlay,1,4,S10,CELL - SELF SPRT 50-74 - AVG,63,1,1991,,29600,174,ALLEGHENY COUNTY  AIRPORT AUTHORITY,2015/11/24 16:08:55.760+00,GISHelp,2015/11/24 16:08:55.760+00,GISHelp
-80.291028510891,40.4281162466465,208,1173M0000500T100,1173-M-5-T1,929,2016,North Fayette,1,5,M30,CELL - MONOPOLE 200-224 - AVG,200,1,2006,,193600,175,AT&T WIRELESS,2015/11/24 16:08:55.760+00,GISHelp,2015/11/24 16:08:55.760+00,GISHelp
-79.7641314490587,40.4677283681028,209,0740H0002300T100,740-H-23-T1,880,2016,Plum,1,1,M31,CELL - MONOPOLE 200-224 - GOOD,200,1,2002,,189200,176,AT&T WIRELESS,2015/11/24 16:08:55.760+00,GISHelp,2015/11/24 16:08:55.760+00,GISHelp
-79.9436132641852,40.3491777479516,210,0312K0008000T100,312-K-80-T1,870,2016,West Mifflin,1,1,S25,CELL - SELF SPRT 150-199 - AVG,150,1,2009,"2,009",122700,177,CROWN CASTLE,2015/11/24 16:08:55.760+00,GISHelp,2015/11/24 16:08:55.760+00,GISHelp
-80.1807509237598,40.4904698719407,211,0501D0018100T100,501-D-181-T1,925,2016,Moon,1,1,M16,CELL - MONOPOLE 75-99 - GOOD,86,1,2013,"2,013",93700,178,VERIZON WIRELESS,2015/11/24 16:08:55.760+00,GISHelp,2015/11/24 16:08:55.760+00,GISHelp
