X,Y,objectid,id_1,buff_dist,orig_fid,created_user,created_date,last_edited_user,last_edited_date,cid,st_area_shape_,st_length_shape_
-79.896659975,40.4564636815,1,TS110,40,1,,,SDE,2015/08/11 14:08:33+00,22,0,0
-79.9345972721,40.458119023,2,TS73,40,2,,,SDE,2015/08/11 14:08:43+00,572,0,0
-79.9157888498,40.460806474,3,TS151,40,3,,,SDE,2015/08/11 14:08:34+00,49,0,0
-79.943680429,40.408571179,4,TS573,40,4,,,SDE,2015/08/11 14:08:34+00,91,0,0
-80.0013404763,40.4507755809,5,TS34,40,5,,,SDE,2015/08/11 14:08:42+00,515,0,0
-79.9489344649,40.4635091707,6,TS616,40,6,,,SDE,2015/08/11 14:08:43+00,566,0,0
-79.9544518168,40.4804143747,7,TS174,40,7,,,SDE,2015/08/11 14:08:39+00,360,0,0
-79.9865335176,40.4377314932,8,TS340,40,8,,,SDE,2015/08/11 14:08:37+00,226,0,0
-79.9093360894,40.3768946759,9,TS141,40,9,,,SDE,2015/08/11 14:08:34+00,86,0,0
-79.9711674691,40.4282110574,10,TS586,40,10,,,SDE,2015/08/11 14:08:40+00,376,0,0
-80.0045646511,40.4558429025,11,TS603,40,11,,,SDE,2015/08/11 14:08:42+00,500,0,0
-80.0036346639,40.4390783473,12,TS26,40,12,,,SDE,2015/08/11 14:08:37+00,237,0,0
-79.9480510257,40.4843978045,13,TS641,40,13,,,SDE,2015/08/11 14:08:39+00,364,0,0
-80.0025581768,40.4494869447,14,TS416,40,14,,,SDE,2015/08/11 14:08:43+00,578,0,0
-79.9166161685,40.4584163563,15,TS673,40,15,,,SDE,2015/08/11 14:08:43+00,556,0,0
-79.9555233803,40.4110243253,16,TS88,40,16,,,SDE,2015/08/11 14:08:40+00,372,0,0
-79.9489444362,40.4615961611,17,TS592,40,17,,,SDE,2015/08/11 14:08:43+00,547,0,0
-79.9952372279,40.4436501577,18,TS433,40,18,,,SDE,2015/08/11 14:08:37+00,233,0,0
-79.9275605457,40.4326075595,19,TS404,40,19,,,SDE,2015/08/11 14:08:35+00,111,0,0
-79.92207148,40.4591934937,20,TS512,40,20,,,SDE,2015/08/11 14:08:43+00,562,0,0
-80.0395724846,40.4752605322,21,TS39,40,21,,,SDE,2015/08/11 14:08:42+00,485,0,0
-79.9459627167,40.4600036266,22,TS423,40,22,,,SDE,2015/08/11 14:08:37+00,206,0,0
-79.9978647615,40.4539728499,23,TS266,40,23,,,SDE,2015/08/11 14:08:42+00,507,0,0
-79.9876657847,40.3966896876,24,TS163,40,24,,,SDE,2015/08/11 14:08:40+00,404,0,0
-79.8737226495,40.4599408452,25,TS372,40,25,,,SDE,2015/08/11 14:08:44+00,596,0,0
-79.9549036083,40.4509757583,26,TS116,40,26,,,SDE,2015/08/11 14:08:36+00,189,0,0
-80.0076696348,40.4476858712,27,TS548,40,27,,,SDE,2015/08/11 14:08:43+00,569,0,0
-80.0017948325,40.4419235162,28,TS422,40,28,,,SDE,2015/08/11 14:08:38+00,290,0,0
-79.9123013428,40.4633274608,29,TS458,40,29,,,SDE,2015/08/11 14:08:34+00,58,0,0
-79.9078463341,40.4842690903,30,TS16,40,30,,,SDE,2015/08/11 14:08:33+00,1,0,0
-80.0430767604,40.4788616711,31,TS566,40,31,,,SDE,2015/08/11 14:08:42+00,484,0,0
-80.0140182867,40.4524050904,32,TS149,40,32,,,SDE,2015/08/11 14:08:41+00,468,0,0
-79.9622902168,40.4687069928,33,TS175,40,33,,,SDE,2015/08/11 14:08:39+00,333,0,0
-79.9625302853,40.4272684047,34,TS657,40,34,,,SDE,2015/08/11 14:08:43+00,575,0,0
-79.9645970464,40.4254662976,35,TS643,40,35,,,SDE,2015/08/11 14:08:43+00,544,0,0
-80.0002597967,40.4432305129,36,TS493,40,36,,,SDE,2015/08/11 14:08:38+00,301,0,0
-79.9814313527,40.4374998553,37,TS331,40,37,,,SDE,2015/08/11 14:08:37+00,229,0,0
-79.9926875891,40.4531861601,38,TS232,40,38,,,SDE,2015/08/11 14:08:42+00,510,0,0
-79.9086220222,40.4702810711,39,TS477,40,39,,,SDE,2015/08/11 14:08:33+00,5,0,0
-79.9480659342,40.4611276297,40,TS278,40,40,,,SDE,2015/08/11 14:08:43+00,561,0,0
-80.0008538841,40.4445553315,41,TS345,40,41,,,SDE,2015/08/11 14:08:38+00,281,0,0
-80.0188971897,40.4515179114,42,TS17,40,42,,,SDE,2015/08/11 14:08:41+00,462,0,0
-79.9547755184,40.4444181122,43,TS119,40,43,,,SDE,2015/08/11 14:08:36+00,181,0,0
-80.0016933857,40.4533120808,44,TS207,40,44,,,SDE,2015/08/11 14:08:42+00,499,0,0
-80.0095969523,40.41419811,45,TS427,40,45,,,SDE,2015/08/11 14:08:40+00,415,0,0
-80.0215464562,40.3948488422,46,TS154,40,46,,,SDE,2015/08/11 14:08:40+00,425,0,0
-80.018312329,40.449678313,47,TS15,40,47,,,SDE,2015/08/11 14:08:41+00,461,0,0
-79.9649248965,40.4528831793,48,TS90,40,48,,,SDE,2015/08/11 14:08:37+00,245,0,0
-80.0145680961,40.4539663431,49,TS146,40,49,,,SDE,2015/08/11 14:08:41+00,469,0,0
-79.9227629834,40.4659428448,50,TS271,40,50,,,SDE,2015/08/11 14:08:34+00,75,0,0
-79.9433632132,40.4518107535,51,TS78,40,51,,,SDE,2015/08/11 14:08:36+00,152,0,0
-79.9880385901,40.4144339818,52,TS31,40,52,,,SDE,2015/08/11 14:08:40+00,401,0,0
-80.0103096567,40.447257463,53,TS646,40,53,,,SDE,2015/08/11 14:08:43+00,570,0,0
-79.9233706937,40.4414200708,54,TS468,40,54,,,SDE,2015/08/11 14:08:35+00,124,0,0
-80.0250126291,40.4668874833,55,TS145,40,55,,,SDE,2015/08/11 14:08:41+00,475,0,0
-79.9777949697,40.3843510639,56,TS165,40,56,,,SDE,2015/08/11 14:08:43+00,536,0,0
-79.9211988485,40.4291705671,57,TS360,40,57,,,SDE,2015/08/11 14:08:35+00,105,0,0
-79.9713738345,40.4597996219,58,TS499,40,58,,,SDE,2015/08/11 14:08:39+00,327,0,0
-80.0261627485,40.398335202,59,TS157,40,59,,,SDE,2015/08/11 14:08:40+00,422,0,0
-79.8970241888,40.4555261761,60,TS405,40,60,,,SDE,2015/08/11 14:08:33+00,21,0,0
-79.9958758439,40.4407828879,61,TS388,40,61,,,SDE,2015/08/11 14:08:38+00,287,0,0
-79.9225456054,40.4558617133,62,TS528,40,62,,,SDE,2015/08/11 14:08:36+00,165,0,0
-79.9351081602,40.4647340174,63,TS385,40,63,,,SDE,2015/08/11 14:08:34+00,60,0,0
-80.0251762609,40.4170590948,64,TS569,40,64,,,SDE,2015/08/11 14:08:41+00,434,0,0
-80.0101194511,40.4129121302,65,TS642,40,65,,,SDE,2015/08/11 14:08:40+00,417,0,0
-79.9573391449,40.4586336881,66,TS115,40,66,,,SDE,2015/08/11 14:08:42+00,532,0,0
-80.0105035536,40.4482964407,67,TS630,40,67,,,SDE,2015/08/11 14:08:43+00,587,0,0
-79.9272646083,40.4864194031,68,TS391,40,68,,,SDE,2015/08/11 14:08:39+00,365,0,0
-79.9981940569,40.3962777165,69,TS523,40,69,,,SDE,2015/08/11 14:08:40+00,414,0,0
-80.0086275066,40.455090668,70,TS40,40,70,,,SDE,2015/08/11 14:08:42+00,495,0,0
-80.0041140553,40.4422129563,71,TS497,40,71,,,SDE,2015/08/11 14:08:38+00,303,0,0
-80.0214276945,40.4416681684,72,TS172,40,72,,,SDE,2015/08/11 14:08:43+00,540,0,0
-79.9973443064,40.3929900732,73,TS460,40,73,,,SDE,2015/08/11 14:08:40+00,409,0,0
-79.9385912142,40.4559097008,74,TS2,40,74,,,SDE,2015/08/11 14:08:36+00,155,0,0
-80.0340530774,40.4412030744,75,TS9,40,75,,,SDE,2015/08/11 14:08:41+00,446,0,0
-80.0282028692,40.4442566804,76,TS205,40,76,,,SDE,2015/08/11 14:08:41+00,449,0,0
-79.9606156826,40.4227843226,77,TS650,40,77,,,SDE,2015/08/11 14:08:43+00,543,0,0
-79.9508614518,40.4522335144,78,TS213,40,78,,,SDE,2015/08/11 14:08:36+00,199,0,0
-79.9777326455,40.4373390236,79,TS550,40,79,,,SDE,2015/08/11 14:08:37+00,230,0,0
-80.0299444735,40.4158994067,80,TS58,40,80,,,SDE,2015/08/11 14:08:41+00,433,0,0
-79.9954316916,40.4414483868,81,TS562,40,81,,,SDE,2015/08/11 14:08:38+00,286,0,0
-79.9161453597,40.4380357593,82,TS94,40,82,,,SDE,2015/08/11 14:08:34+00,45,0,0
-80.000180347,40.43777804,83,TS27,40,83,,,SDE,2015/08/11 14:08:37+00,238,0,0
-79.9498773357,40.4620925701,84,TS426,40,84,,,SDE,2015/08/11 14:08:39+00,341,0,0
-79.9281228606,40.4677232108,85,TS273,40,85,,,SDE,2015/08/11 14:08:34+00,70,0,0
-79.8951621412,40.4471325113,86,TS136,40,86,,,SDE,2015/08/11 14:08:33+00,27,0,0
-79.9883550216,40.4378112078,87,TS327,40,87,,,SDE,2015/08/11 14:08:37+00,225,0,0
-79.9648704981,40.4487774513,88,TS561,40,88,,,SDE,2015/08/11 14:08:43+00,550,0,0
-80.027180855,40.4460084662,89,TS664,40,89,,,SDE,2015/08/11 14:08:44+00,599,0,0
-79.9784449359,40.4549045087,90,TS504,40,90,,,SDE,2015/08/11 14:08:39+00,322,0,0
-79.9576258306,40.4410902127,91,TS54,40,91,,,SDE,2015/08/11 14:08:36+00,175,0,0
-79.97776092,40.4543424362,92,TS585,40,92,,,SDE,2015/08/11 14:08:39+00,323,0,0
-79.9452313668,40.4652969844,93,TS462,40,93,,,SDE,2015/08/11 14:08:40+00,370,0,0
-79.9778998741,40.4473406323,94,TS413,40,94,,,SDE,2015/08/11 14:08:43+00,577,0,0
-79.9976996161,40.4380424734,95,TS362,40,95,,,SDE,2015/08/11 14:08:38+00,276,0,0
-79.9229273984,40.4369739869,96,TS256,40,96,,,SDE,2015/08/11 14:08:35+00,115,0,0
-79.9584736543,40.4484491161,97,TS555,40,97,,,SDE,2015/08/11 14:08:42+00,525,0,0
-79.9274941144,40.4310224052,98,TS510,40,98,,,SDE,2015/08/11 14:08:35+00,110,0,0
-79.94372885,40.4588117041,99,TS634,40,99,,,SDE,2015/08/11 14:08:37+00,208,0,0
-79.9430018021,40.4446471947,100,TS332,40,100,,,SDE,2015/08/11 14:08:36+00,148,0,0
-79.9983628279,40.4370636185,101,TS24,40,101,,,SDE,2015/08/11 14:08:37+00,236,0,0
-79.9822814833,40.4522636052,102,TS503,40,102,,,SDE,2015/08/11 14:08:39+00,320,0,0
-79.9396398599,40.4566268393,103,TS49,40,103,,,SDE,2015/08/11 14:08:37+00,209,0,0
-80.0037535676,40.3778788134,104,TS441,40,104,,,SDE,2015/08/11 14:08:40+00,412,0,0
-79.9161151233,40.4279163272,105,TS95,40,105,,,SDE,2015/08/11 14:08:35+00,103,0,0
-79.917776411,40.4443263157,106,TS97,40,106,,,SDE,2015/08/11 14:08:34+00,47,0,0
-79.9455647127,40.4445501009,107,TS633,40,107,,,SDE,2015/08/11 14:08:44+00,595,0,0
-80.0199685268,40.3937158568,108,TS155,40,108,,,SDE,2015/08/11 14:08:41+00,426,0,0
-80.0518871709,40.4627440821,109,TS199,40,109,,,SDE,2015/08/11 14:08:41+00,455,0,0
-80.0026250537,40.4374039047,110,TS354,40,110,,,SDE,2015/08/11 14:08:38+00,274,0,0
-79.9864479477,40.4176023094,111,TS43,40,111,,,SDE,2015/08/11 14:08:40+00,400,0,0
-79.9079222022,40.4615998895,112,TS445,40,112,,,SDE,2015/08/11 14:08:34+00,54,0,0
-80.0343596275,40.4401998187,113,TS478,40,113,,,SDE,2015/08/11 14:08:41+00,444,0,0
-80.0066323519,40.4554493623,114,TS294,40,114,,,SDE,2015/08/11 14:08:42+00,496,0,0
-79.9747298129,40.4274940622,115,TS517,40,115,,,SDE,2015/08/11 14:08:40+00,391,0,0
-79.9333595877,40.3897956264,116,TS381,40,116,,,SDE,2015/08/11 14:08:43+00,571,0,0
-80.0155739577,40.4567969536,117,TS144,40,117,,,SDE,2015/08/11 14:08:41+00,473,0,0
-79.9635412017,40.4263869131,118,TS658,40,118,,,SDE,2015/08/11 14:08:43+00,574,0,0
-80.0126088022,40.4543340505,119,TS464,40,119,,,SDE,2015/08/11 14:08:41+00,470,0,0
-80.0067752748,40.4338305736,120,TS598,40,120,,,SDE,2015/08/11 14:08:43+00,542,0,0
-79.9478137897,40.4628634161,121,TS277,40,121,,,SDE,2015/08/11 14:08:39+00,342,0,0
-80.017779787,40.4084485858,122,TS192,40,122,,,SDE,2015/08/11 14:08:40+00,419,0,0
-80.0251245296,40.4497310477,123,TS453,40,123,,,SDE,2015/08/11 14:08:41+00,459,0,0
-79.9824573114,40.4511277952,124,TS439,40,124,,,SDE,2015/08/11 14:08:39+00,318,0,0
-79.9762355708,40.4453065251,125,TS212,40,125,,,SDE,2015/08/11 14:08:43+00,551,0,0
-79.8903801843,40.4550327099,126,TS105,40,126,,,SDE,2015/08/11 14:08:33+00,16,0,0
-80.053773288,40.4279382476,127,TS480,40,127,,,SDE,2015/08/11 14:08:41+00,452,0,0
-79.9564383036,40.4419490042,128,TS131,40,128,,,SDE,2015/08/11 14:08:36+00,179,0,0
-79.9923882327,40.4457632545,129,TS500,40,129,,,SDE,2015/08/11 14:08:39+00,314,0,0
-80.0047198045,40.440040637,130,TS539,40,130,,,SDE,2015/08/11 14:08:39+00,312,0,0
-79.9651793173,40.4432554481,131,TS618,40,131,,,SDE,2015/08/11 14:08:36+00,190,0,0
-79.9578169472,40.4300216918,132,TS644,40,132,,,SDE,2015/08/11 14:08:35+00,138,0,0
-80.0061406564,40.4539411726,133,TS236,40,133,,,SDE,2015/08/11 14:08:42+00,497,0,0
-79.9971150249,40.436581104,134,TS514,40,134,,,SDE,2015/08/11 14:08:38+00,305,0,0
-79.9909772561,40.4428067115,135,TS55,40,135,,,SDE,2015/08/11 14:08:37+00,242,0,0
-79.9949063874,40.3850024555,136,TS457,40,136,,,SDE,2015/08/11 14:08:40+00,410,0,0
-79.9338189017,40.4583514244,137,TS72,40,137,,,SDE,2015/08/11 14:08:42+00,517,0,0
-79.9983455354,40.4437424664,138,TS479,40,138,,,SDE,2015/08/11 14:08:38+00,297,0,0
-79.9220768888,40.4616635128,139,TS153,40,139,,,SDE,2015/08/11 14:08:34+00,80,0,0
-80.0410792738,40.4800670757,140,TS187,40,140,,,SDE,2015/08/11 14:08:42+00,483,0,0
-79.9948748008,40.440427354,141,TS581,40,141,,,SDE,2015/08/11 14:08:37+00,247,0,0
-79.9820471335,40.4288350177,142,TS198,40,142,,,SDE,2015/08/11 14:08:40+00,380,0,0
-79.8776860371,40.4570937124,143,TS371,40,143,,,SDE,2015/08/11 14:08:33+00,8,0,0
-79.9998880038,40.4382119189,144,TS538,40,144,,,SDE,2015/08/11 14:08:38+00,311,0,0
-79.9350603734,40.4616087979,145,TS375,40,145,,,SDE,2015/08/11 14:08:39+00,347,0,0
-79.9987223238,40.4365554128,146,TS320,40,146,,,SDE,2015/08/11 14:08:38+00,264,0,0
-79.9989951898,40.4451448999,147,TS343,40,147,,,SDE,2015/08/11 14:08:38+00,280,0,0
-79.923484865,40.4297379328,148,TS359,40,148,,,SDE,2015/08/11 14:08:35+00,106,0,0
-79.937623947,40.4618982196,149,TS5,40,149,,,SDE,2015/08/11 14:08:39+00,346,0,0
-79.9911107277,40.4087452509,150,TS166,40,150,,,SDE,2015/08/11 14:08:40+00,402,0,0
-80.0134134699,40.4505963234,151,TS622,40,151,,,SDE,2015/08/11 14:08:41+00,467,0,0
-79.9312168659,40.445628161,152,TS101,40,152,,,SDE,2015/08/11 14:08:35+00,129,0,0
-80.0189413356,40.4406758874,153,TS635,40,153,,,SDE,2015/08/11 14:08:43+00,539,0,0
-79.9982129862,40.4390509526,154,TS228,40,154,,,SDE,2015/08/11 14:08:37+00,251,0,0
-79.9527239639,40.4483583109,155,TS75,40,155,,,SDE,2015/08/11 14:08:36+00,195,0,0
-79.9523067621,40.4661423298,156,TS357,40,156,,,SDE,2015/08/11 14:08:39+00,337,0,0
-79.9851403151,40.4376577111,157,TS334,40,157,,,SDE,2015/08/11 14:08:37+00,227,0,0
-79.9189753529,40.4353113288,158,TS83,40,158,,,SDE,2015/08/11 14:08:35+00,120,0,0
-79.9980492674,40.4375215901,159,TS389,40,159,,,SDE,2015/08/11 14:08:38+00,285,0,0
-79.9602745087,40.4404599496,160,TS257,40,160,,,SDE,2015/08/11 14:08:36+00,171,0,0
-80.0358201804,40.4843113742,161,TS114,40,161,,,SDE,2015/08/11 14:08:41+00,480,0,0
-80.0114125876,40.4930458907,162,TS291,40,162,,,SDE,2015/08/11 14:08:42+00,486,0,0
-79.9798339415,40.4647756104,163,TS397,40,163,,,SDE,2015/08/11 14:08:40+00,371,0,0
-80.0112488202,40.4749499114,164,TS455,40,164,,,SDE,2015/08/11 14:08:43+00,583,0,0
-79.9022240958,40.4556932392,165,TS393,40,165,,,SDE,2015/08/11 14:08:34+00,44,0,0
-80.0022773913,40.4486264337,166,TS379,40,166,,,SDE,2015/08/11 14:08:43+00,568,0,0
-79.9672092898,40.4615928183,167,TS396,40,167,,,SDE,2015/08/11 14:08:39+00,330,0,0
-79.964730731,40.4661950946,168,TS186,40,168,,,SDE,2015/08/11 14:08:39+00,332,0,0
-79.9260075823,40.4440218894,169,TS476,40,169,,,SDE,2015/08/11 14:08:35+00,127,0,0
-79.9777282141,40.4276687423,170,TS516,40,170,,,SDE,2015/08/11 14:08:40+00,390,0,0
-80.0087311686,40.451987419,171,TS42,40,171,,,SDE,2015/08/11 14:08:42+00,528,0,0
-79.9974005212,40.4216477725,172,TS104,40,172,,,SDE,2015/08/11 14:08:40+00,397,0,0
-79.8962978479,40.4573965129,173,TS367,40,173,,,SDE,2015/08/11 14:08:33+00,23,0,0
-79.8975248936,40.4546281789,174,TS392,40,174,,,SDE,2015/08/11 14:08:33+00,20,0,0
-79.9518116511,40.4631456697,175,TS285,40,175,,,SDE,2015/08/11 14:08:39+00,339,0,0
-79.9275797427,40.423043104,176,TS96,40,176,,,SDE,2015/08/11 14:08:35+00,101,0,0
-79.9323987901,40.4606783885,177,TS374,40,177,,,SDE,2015/08/11 14:08:39+00,348,0,0
-79.9277842406,40.4409014227,178,TS483,40,178,,,SDE,2015/08/11 14:08:35+00,123,0,0
-79.9946620241,40.4389469939,179,TS313,40,179,,,SDE,2015/08/11 14:08:38+00,261,0,0
-79.9758921682,40.4043753922,180,TS624,40,180,,,SDE,2015/08/11 14:08:42+00,531,0,0
-80.0008916313,40.4367198039,181,TS352,40,181,,,SDE,2015/08/11 14:08:38+00,275,0,0
-79.9960558141,40.4382276046,182,TS335,40,182,,,SDE,2015/08/11 14:08:38+00,268,0,0
-79.9674846845,40.4471044356,183,TS210,40,183,,,SDE,2015/08/11 14:08:43+00,549,0,0
-79.9964606094,40.437581661,184,TS364,40,184,,,SDE,2015/08/11 14:08:38+00,277,0,0
-79.9726431693,40.4376948849,185,TS138,40,185,,,SDE,2015/08/11 14:08:37+00,222,0,0
-79.9423098047,40.4037118057,186,TS560,40,186,,,SDE,2015/08/11 14:08:35+00,92,0,0
-79.9565692834,40.4431515895,187,TS316,40,187,,,SDE,2015/08/11 14:08:36+00,180,0,0
-79.9860103406,40.4410295487,188,TS209,40,188,,,SDE,2015/08/11 14:08:37+00,214,0,0
-79.9994983434,40.4420996156,189,TS533,40,189,,,SDE,2015/08/11 14:08:38+00,310,0,0
-80.0776712539,40.4593452913,190,TS223,40,190,,,SDE,2015/08/11 14:08:41+00,454,0,0
-79.960910259,40.4697957759,191,TS180,40,191,,,SDE,2015/08/11 14:08:39+00,355,0,0
-79.9097885052,40.4610560304,192,TS444,40,192,,,SDE,2015/08/11 14:08:34+00,53,0,0
-80.011386302,40.4150351261,193,TS522,40,193,,,SDE,2015/08/11 14:08:41+00,437,0,0
-79.9069325714,40.4532217661,194,TS254,40,194,,,SDE,2015/08/11 14:08:34+00,40,0,0
-79.953335395,40.443226936,195,TS120,40,195,,,SDE,2015/08/11 14:08:36+00,182,0,0
-79.9124236188,40.4540374674,196,TS310,40,196,,,SDE,2015/08/11 14:08:34+00,56,0,0
-79.9385796897,40.4270577571,197,TS11,40,197,,,SDE,2015/08/11 14:08:35+00,122,0,0
-80.0081833696,40.4483344201,198,TS549,40,198,,,SDE,2015/08/11 14:08:43+00,579,0,0
-79.9699490292,40.4607719971,199,TS506,40,199,,,SDE,2015/08/11 14:08:39+00,329,0,0
-79.9526597065,40.4418090572,200,TS662,40,200,,,SDE,2015/08/11 14:08:44+00,590,0,0
-79.9386077756,40.4645618428,201,TS51,40,201,,,SDE,2015/08/11 14:08:34+00,62,0,0
-80.0048978138,40.450311939,202,TS237,40,202,,,SDE,2015/08/11 14:08:42+00,514,0,0
-79.9444487644,40.4541597199,203,TS215,40,203,,,SDE,2015/08/11 14:08:36+00,153,0,0
-79.9512138088,40.4828551515,204,TS178,40,204,,,SDE,2015/08/11 14:08:39+00,356,0,0
-79.9193591257,40.4380405986,205,TS337,40,205,,,SDE,2015/08/11 14:08:35+00,119,0,0
-79.9901131064,40.4038374373,206,TS167,40,206,,,SDE,2015/08/11 14:08:40+00,399,0,0
-80.0008266067,40.4400890754,207,TS342,40,207,,,SDE,2015/08/11 14:08:38+00,270,0,0
-79.9272403197,40.4634946274,208,TS37,40,208,,,SDE,2015/08/11 14:08:34+00,73,0,0
-79.9447232734,40.4113125004,209,TS394,40,209,,,SDE,2015/08/11 14:08:35+00,95,0,0
-80.0210005465,40.4476124337,210,TS669,40,210,,,SDE,2015/08/11 14:08:43+00,585,0,0
-79.9520177659,40.4518835336,211,TS208,40,211,,,SDE,2015/08/11 14:08:36+00,200,0,0
-79.9972227185,40.4404479632,212,TS488,40,212,,,SDE,2015/08/11 14:08:38+00,299,0,0
-79.9968026097,40.4393935602,213,TS296,40,213,,,SDE,2015/08/11 14:08:37+00,257,0,0
-79.9886091631,40.4294146119,214,TS125,40,214,,,SDE,2015/08/11 14:08:40+00,384,0,0
-80.0294280104,40.4440973716,215,TS520,40,215,,,SDE,2015/08/11 14:08:41+00,451,0,0
-79.9615272175,40.4358364116,216,TS22,40,216,,,SDE,2015/08/11 14:08:35+00,140,0,0
-79.9430502168,40.4508761567,217,TS286,40,217,,,SDE,2015/08/11 14:08:36+00,151,0,0
-79.9210249382,40.469689982,218,TS401,40,218,,,SDE,2015/08/11 14:08:34+00,77,0,0
-79.9199023307,40.4418150052,219,TS482,40,219,,,SDE,2015/08/11 14:08:35+00,125,0,0
-79.9082751835,40.4742161008,220,TS419,40,220,,,SDE,2015/08/11 14:08:33+00,4,0,0
-79.9959525088,40.3822310533,221,TS442,40,221,,,SDE,2015/08/11 14:08:40+00,407,0,0
-80.0067515179,40.440841821,222,TS241,40,222,,,SDE,2015/08/11 14:08:37+00,253,0,0
-79.8981997278,40.4481520162,223,TS194,40,223,,,SDE,2015/08/11 14:08:33+00,30,0,0
-79.9355028045,40.450634618,224,TS7,40,224,,,SDE,2015/08/11 14:08:36+00,162,0,0
-80.0170697514,40.4596556185,225,TS142,40,225,,,SDE,2015/08/11 14:08:41+00,474,0,0
-79.944077205,40.4099891731,226,TS323,40,226,,,SDE,2015/08/11 14:08:35+00,94,0,0
-79.9986463713,40.4400852713,227,TS314,40,227,,,SDE,2015/08/11 14:08:38+00,262,0,0
-80.0016370371,40.438878397,228,TS540,40,228,,,SDE,2015/08/11 14:08:39+00,313,0,0
-79.9116210783,40.4468432578,229,TS255,40,229,,,SDE,2015/08/11 14:08:33+00,36,0,0
-79.9174059889,40.4634461239,230,TS272,40,230,,,SDE,2015/08/11 14:08:34+00,83,0,0
-79.8945355294,40.4480120718,231,TS135,40,231,,,SDE,2015/08/11 14:08:33+00,28,0,0
-79.9347774086,40.4805882907,232,TS490,40,232,,,SDE,2015/08/11 14:08:39+00,361,0,0
-79.8907437406,40.4541003002,233,TS134,40,233,,,SDE,2015/08/11 14:08:33+00,15,0,0
-79.9371556184,40.4884292327,234,TS185,40,234,,,SDE,2015/08/11 14:08:39+00,362,0,0
-79.9584687773,40.4417683777,235,TS53,40,235,,,SDE,2015/08/11 14:08:36+00,174,0,0
-79.9956095437,40.4444564772,236,TS498,40,236,,,SDE,2015/08/11 14:08:38+00,304,0,0
-79.953333955,40.4539936018,237,TS65,40,237,,,SDE,2015/08/11 14:08:37+00,204,0,0
-79.93694836,40.4574165092,238,TS68,40,238,,,SDE,2015/08/11 14:08:37+00,211,0,0
-79.9103804519,40.4526300046,239,TS446,40,239,,,SDE,2015/08/11 14:08:34+00,48,0,0
-79.8955045727,40.487263742,240,TS620,40,240,,,SDE,2015/08/11 14:08:39+00,368,0,0
-79.9998838742,40.4424387791,241,TS430,40,241,,,SDE,2015/08/11 14:08:38+00,294,0,0
-79.9171753545,40.4422857728,242,TS98,40,242,,,SDE,2015/08/11 14:08:34+00,46,0,0
-79.9271513793,40.4196075508,243,TS92,40,243,,,SDE,2015/08/11 14:08:35+00,99,0,0
-79.9762651253,40.4285057755,244,TS632,40,244,,,SDE,2015/08/11 14:08:40+00,377,0,0
-79.941135226,40.4647451289,245,TS290,40,245,,,SDE,2015/08/11 14:08:34+00,63,0,0
-79.9591688506,40.4412658918,246,TS591,40,246,,,SDE,2015/08/11 14:08:36+00,172,0,0
-79.9289795982,40.4587580907,247,TS648,40,247,,,SDE,2015/08/11 14:08:39+00,350,0,0
-79.9277143077,40.4380392674,248,TS341,40,248,,,SDE,2015/08/11 14:08:35+00,113,0,0
-79.9228796593,40.4360217383,249,TS62,40,249,,,SDE,2015/08/11 14:08:35+00,116,0,0
-79.8992560092,40.4560354892,250,TS412,40,250,,,SDE,2015/08/11 14:08:33+00,24,0,0
-79.996415063,40.3879584304,251,TS288,40,251,,,SDE,2015/08/11 14:08:40+00,411,0,0
-79.9539404077,40.4450108416,252,TS302,40,252,,,SDE,2015/08/11 14:08:36+00,184,0,0
-79.9955980291,40.4389958248,253,TS587,40,253,,,SDE,2015/08/11 14:08:38+00,260,0,0
-80.034804882,40.4409179111,254,TS452,40,254,,,SDE,2015/08/11 14:08:41+00,445,0,0
-79.9521361154,40.443535878,255,TS336,40,255,,,SDE,2015/08/11 14:08:36+00,183,0,0
-79.8856484972,40.4540265491,256,TS113,40,256,,,SDE,2015/08/11 14:08:33+00,9,0,0
-80.0177375096,40.3921160834,257,TS156,40,257,,,SDE,2015/08/11 14:08:41+00,427,0,0
-79.9672138155,40.4626735671,258,TS182,40,258,,,SDE,2015/08/11 14:08:39+00,331,0,0
-79.9734580095,40.4371489131,259,TS139,40,259,,,SDE,2015/08/11 14:08:37+00,232,0,0
-79.9977175573,40.4397404555,260,TS227,40,260,,,SDE,2015/08/11 14:08:37+00,250,0,0
-79.9409483307,40.4513159693,261,TS32,40,261,,,SDE,2015/08/11 14:08:36+00,158,0,0
-79.9631114962,40.4371088181,262,TS243,40,262,,,SDE,2015/08/11 14:08:36+00,167,0,0
-79.9286521012,40.4232066862,263,TS443,40,263,,,SDE,2015/08/11 14:08:35+00,100,0,0
-80.0188001402,40.4053549226,264,TS193,40,264,,,SDE,2015/08/11 14:08:40+00,420,0,0
-79.9973244653,40.394484233,265,TS38,40,265,,,SDE,2015/08/11 14:08:40+00,408,0,0
-79.937604449,40.4426648841,266,TS328,40,266,,,SDE,2015/08/11 14:08:36+00,150,0,0
-79.9977316069,40.4414564467,267,TS531,40,267,,,SDE,2015/08/11 14:08:38+00,308,0,0
-80.0060861556,40.4110872065,268,TS74,40,268,,,SDE,2015/08/11 14:08:40+00,416,0,0
-80.0321311166,40.4620616376,269,TS557,40,269,,,SDE,2015/08/11 14:08:42+00,492,0,0
-79.9892881628,40.4404946449,270,TS56,40,270,,,SDE,2015/08/11 14:08:37+00,243,0,0
-80.0183475196,40.4895086198,271,TS80,40,271,,,SDE,2015/08/11 14:08:42+00,490,0,0
-80.0165253769,40.4519615731,272,TS378,40,272,,,SDE,2015/08/11 14:08:41+00,466,0,0
-80.0380668363,40.4411968672,273,TS567,40,273,,,SDE,2015/08/11 14:08:41+00,443,0,0
-79.9230572688,40.4139930271,274,TS160,40,274,,,SDE,2015/08/11 14:08:35+00,98,0,0
-79.8702556169,40.4611700103,275,TS275,40,275,,,SDE,2015/08/11 14:08:44+00,594,0,0
-79.9389514189,40.4619964809,276,TS50,40,276,,,SDE,2015/08/11 14:08:39+00,345,0,0
-80.0224395532,40.3954807682,277,TS623,40,277,,,SDE,2015/08/11 14:08:40+00,424,0,0
-79.9528259272,40.4636144194,278,TS129,40,278,,,SDE,2015/08/11 14:08:39+00,338,0,0
-79.9989958339,40.4361359761,279,TS350,40,279,,,SDE,2015/08/11 14:08:38+00,271,0,0
-80.001302014,40.4393793556,280,TS366,40,280,,,SDE,2015/08/11 14:08:38+00,279,0,0
-79.927507829,40.4505139429,281,TS305,40,281,,,SDE,2015/08/11 14:08:35+00,133,0,0
-80.0145376576,40.4170341348,282,TS570,40,282,,,SDE,2015/08/11 14:08:41+00,436,0,0
-79.9563800523,40.4457032668,283,TS123,40,283,,,SDE,2015/08/11 14:08:36+00,193,0,0
-79.9841461837,40.4287992532,284,TS571,40,284,,,SDE,2015/08/11 14:08:40+00,381,0,0
-79.9963417335,40.4401094139,285,TS121,40,285,,,SDE,2015/08/11 14:08:38+00,289,0,0
-79.9565572531,40.4288227523,286,TS649,40,286,,,SDE,2015/08/11 14:08:35+00,139,0,0
-79.9388379105,40.4476861461,287,TS33,40,287,,,SDE,2015/08/11 14:08:35+00,146,0,0
-79.9968411609,40.4428304867,288,TS526,40,288,,,SDE,2015/08/11 14:08:38+00,306,0,0
-79.9212979318,40.4628712034,289,TS235,40,289,,,SDE,2015/08/11 14:08:34+00,78,0,0
-79.9193340564,40.4588021371,290,TS605,40,290,,,SDE,2015/08/11 14:08:34+00,59,0,0
-79.9545898932,40.4345869537,291,TS29,40,291,,,SDE,2015/08/11 14:08:35+00,143,0,0
-79.9598778118,40.4431468907,292,TS259,40,292,,,SDE,2015/08/11 14:08:36+00,192,0,0
-80.0010121016,40.4497543296,293,TS36,40,293,,,SDE,2015/08/11 14:08:42+00,527,0,0
-79.9995439382,40.4387248911,294,TS365,40,294,,,SDE,2015/08/11 14:08:38+00,278,0,0
-80.0085983733,40.4710061215,295,TS221,40,295,,,SDE,2015/08/11 14:08:42+00,491,0,0
-79.9756143992,40.4568579814,296,TS501,40,296,,,SDE,2015/08/11 14:08:39+00,324,0,0
-79.9251983511,40.4573783129,297,TS8,40,297,,,SDE,2015/08/11 14:08:36+00,164,0,0
-80.0274857522,40.4437747501,298,TS197,40,298,,,SDE,2015/08/11 14:08:41+00,450,0,0
-79.9041355015,40.4580850238,299,TS107,40,299,,,SDE,2015/08/11 14:08:34+00,42,0,0
-80.0015668562,40.4564131012,300,TS578,40,300,,,SDE,2015/08/11 14:08:42+00,502,0,0
-79.891901625,40.4563928694,301,TS234,40,301,,,SDE,2015/08/11 14:08:33+00,18,0,0
-79.9239713477,40.4519318055,302,TS299,40,302,,,SDE,2015/08/11 14:08:35+00,134,0,0
-79.9727811425,40.4588156377,303,TS505,40,303,,,SDE,2015/08/11 14:08:39+00,326,0,0
-79.9432717647,40.4070907702,304,TS284,40,304,,,SDE,2015/08/11 14:08:34+00,90,0,0
-80.0404789009,40.4843850559,305,TS579,40,305,,,SDE,2015/08/11 14:08:42+00,481,0,0
-79.9684006499,40.4274436297,306,TS583,40,306,,,SDE,2015/08/11 14:08:43+00,546,0,0
-80.0367340733,40.4507536679,307,TS645,40,307,,,SDE,2015/08/11 14:08:44+00,592,0,0
-79.9934510403,40.4441241024,308,TS282,40,308,,,SDE,2015/08/11 14:08:42+00,521,0,0
-79.9486542867,40.4444401708,309,TS246,40,309,,,SDE,2015/08/11 14:08:36+00,188,0,0
-79.9746388297,40.4284125924,310,TS137,40,310,,,SDE,2015/08/11 14:08:40+00,375,0,0
-79.8880931033,40.4555265493,311,TS169,40,311,,,SDE,2015/08/11 14:08:33+00,12,0,0
-79.999149727,40.4426249449,312,TS440,40,312,,,SDE,2015/08/11 14:08:38+00,296,0,0
-80.0043703779,40.4380263931,313,TS351,40,313,,,SDE,2015/08/11 14:08:38+00,273,0,0
-79.8868072188,40.4542237672,314,TS109,40,314,,,SDE,2015/08/11 14:08:33+00,10,0,0
-79.9791831094,40.4533798768,315,TS438,40,315,,,SDE,2015/08/11 14:08:39+00,321,0,0
-79.9199041821,40.4650699994,316,TS274,40,316,,,SDE,2015/08/11 14:08:34+00,79,0,0
-80.0131370574,40.3921561394,317,TS559,40,317,,,SDE,2015/08/11 14:08:41+00,428,0,0
-80.0329074901,40.4416139151,318,TS450,40,318,,,SDE,2015/08/11 14:08:41+00,448,0,0
-80.0027081362,40.4439950799,319,TS346,40,319,,,SDE,2015/08/11 14:08:38+00,282,0,0
-79.9576417478,40.4758535177,320,TS183,40,320,,,SDE,2015/08/11 14:08:39+00,358,0,0
-79.9976245179,40.4565794135,321,TS609,40,321,,,SDE,2015/08/11 14:08:42+00,505,0,0
-79.9011149505,40.4584897219,322,TS370,40,322,,,SDE,2015/08/11 14:08:33+00,34,0,0
-79.993090726,40.4264251175,323,TS626,40,323,,,SDE,2015/08/11 14:08:40+00,393,0,0
-79.9708732987,40.4454050637,324,TS594,40,324,,,SDE,2015/08/11 14:08:43+00,552,0,0
-79.9630389303,40.4330905592,325,TS612,40,325,,,SDE,2015/08/11 14:08:44+00,591,0,0
-79.9129239427,40.3697121597,326,TS411,40,326,,,SDE,2015/08/11 14:08:34+00,85,0,0
-79.988643035,40.430029377,327,TS467,40,327,,,SDE,2015/08/11 14:08:40+00,385,0,0
-80.0013224687,40.4308791362,328,TS44,40,328,,,SDE,2015/08/11 14:08:41+00,441,0,0
-79.9583345322,40.4405768394,329,TS330,40,329,,,SDE,2015/08/11 14:08:36+00,173,0,0
-80.0051719617,40.4746369857,330,TS604,40,330,,,SDE,2015/08/11 14:08:43+00,557,0,0
-79.9000860857,40.4509246973,331,TS407,40,331,,,SDE,2015/08/11 14:08:33+00,32,0,0
-80.0221712372,40.4017404918,332,TS492,40,332,,,SDE,2015/08/11 14:08:40+00,421,0,0
-79.9208316163,40.4612140236,333,TS152,40,333,,,SDE,2015/08/11 14:08:34+00,81,0,0
-79.9840855528,40.4384982676,334,TS589,40,334,,,SDE,2015/08/11 14:08:37+00,219,0,0
-80.0038972595,40.4413715363,335,TS326,40,335,,,SDE,2015/08/11 14:08:38+00,266,0,0
-79.9539290413,40.4381177708,336,TS52,40,336,,,SDE,2015/08/11 14:08:35+00,141,0,0
-79.9853935924,40.449151591,337,TS667,40,337,,,SDE,2015/08/11 14:08:43+00,580,0,0
-79.8960471039,40.468749374,338,TS420,40,338,,,SDE,2015/08/11 14:08:33+00,7,0,0
-80.0804708706,40.4405562788,339,TS410,40,339,,,SDE,2015/08/11 14:08:41+00,453,0,0
-79.957284628,40.4628167369,340,TS355,40,340,,,SDE,2015/08/11 14:08:43+00,564,0,0
-79.9564077995,40.4351240788,341,TS18,40,341,,,SDE,2015/08/11 14:08:35+00,144,0,0
-79.9993089839,40.4374445608,342,TS20,40,342,,,SDE,2015/08/11 14:08:37+00,234,0,0
-79.9882658917,40.4386856948,343,TS303,40,343,,,SDE,2015/08/11 14:08:37+00,216,0,0
-79.9200703165,40.4878423295,344,TS57,40,344,,,SDE,2015/08/11 14:08:42+00,516,0,0
-79.9519108862,40.4464763394,345,TS102,40,345,,,SDE,2015/08/11 14:08:36+00,186,0,0
-79.9047594246,40.4562639819,346,TS250,40,346,,,SDE,2015/08/11 14:08:34+00,41,0,0
-79.9473463962,40.453290699,347,TS214,40,347,,,SDE,2015/08/11 14:08:36+00,202,0,0
-79.9569706345,40.4415641167,348,TS551,40,348,,,SDE,2015/08/11 14:08:36+00,177,0,0
-80.0003910002,40.4407398402,349,TS319,40,349,,,SDE,2015/08/11 14:08:38+00,263,0,0
-79.8976423115,40.4396613585,350,TS132,40,350,,,SDE,2015/08/11 14:08:33+00,29,0,0
-80.0097450889,40.4863407163,351,TS263,40,351,,,SDE,2015/08/11 14:08:42+00,488,0,0
-80.0150303844,40.4056373452,352,TS511,40,352,,,SDE,2015/08/11 14:08:43+00,588,0,0
-79.9588075239,40.4728175228,353,TS177,40,353,,,SDE,2015/08/11 14:08:39+00,354,0,0
-79.9275174185,40.4687501401,354,TS127,40,354,,,SDE,2015/08/11 14:08:34+00,72,0,0
-79.9470904886,40.458745111,355,TS576,40,355,,,SDE,2015/08/11 14:08:39+00,343,0,0
-79.9938590326,40.4449365137,356,TS283,40,356,,,SDE,2015/08/11 14:08:37+00,256,0,0
-79.8833638946,40.455450987,357,TS128,40,357,,,SDE,2015/08/11 14:08:33+00,2,0,0
-79.9367268067,40.4527452367,358,TS3,40,358,,,SDE,2015/08/11 14:08:36+00,159,0,0
-79.9941320163,40.445647201,359,TS655,40,359,,,SDE,2015/08/11 14:08:39+00,315,0,0
-79.9577103863,40.4489724543,360,TS171,40,360,,,SDE,2015/08/11 14:08:43+00,538,0,0
-79.9238861784,40.425325722,361,TS463,40,361,,,SDE,2015/08/11 14:08:35+00,102,0,0
-79.8971107245,40.4700721465,362,TS421,40,362,,,SDE,2015/08/11 14:08:33+00,6,0,0
-79.9945043266,40.4549190675,363,TS231,40,363,,,SDE,2015/08/11 14:08:42+00,509,0,0
-79.9551975056,40.4570104985,364,TS118,40,364,,,SDE,2015/08/11 14:08:42+00,533,0,0
-79.9937931681,40.4410520262,365,TS117,40,365,,,SDE,2015/08/11 14:08:37+00,246,0,0
-79.9706857358,40.4592223982,366,TS435,40,366,,,SDE,2015/08/11 14:08:39+00,328,0,0
-79.9287969788,40.4666108932,367,TS472,40,367,,,SDE,2015/08/11 14:08:34+00,71,0,0
-80.0194294577,40.453102227,368,TS13,40,368,,,SDE,2015/08/11 14:08:41+00,463,0,0
-79.9419850215,40.4559386627,369,TS66,40,369,,,SDE,2015/08/11 14:08:37+00,212,0,0
-79.959794988,40.4714610853,370,TS176,40,370,,,SDE,2015/08/11 14:08:39+00,353,0,0
-79.9885734084,40.4287024907,371,TS200,40,371,,,SDE,2015/08/11 14:08:40+00,383,0,0
-79.9487512463,40.4503919176,372,TS79,40,372,,,SDE,2015/08/11 14:08:36+00,198,0,0
-79.925340823,40.4541612183,373,TS402,40,373,,,SDE,2015/08/11 14:08:36+00,163,0,0
-79.986462371,40.4386070888,374,TS611,40,374,,,SDE,2015/08/11 14:08:37+00,217,0,0
-79.9731648587,40.4358185169,375,TS140,40,375,,,SDE,2015/08/11 14:08:37+00,231,0,0
-79.9805628238,40.4434443627,376,TS600,40,376,,,SDE,2015/08/11 14:08:43+00,548,0,0
-80.0006650088,40.4020677272,377,TS276,40,377,,,SDE,2015/08/11 14:08:40+00,413,0,0
-80.0155374465,40.4104303483,378,TS159,40,378,,,SDE,2015/08/11 14:08:40+00,418,0,0
-79.9185142135,40.4284410834,379,TS361,40,379,,,SDE,2015/08/11 14:08:35+00,104,0,0
-79.9253166745,40.4667028622,380,TS269,40,380,,,SDE,2015/08/11 14:08:34+00,74,0,0
-79.9920515019,40.4379707141,381,TS47,40,381,,,SDE,2015/08/11 14:08:37+00,223,0,0
-80.0290695036,40.4432597319,382,TS451,40,382,,,SDE,2015/08/11 14:08:43+00,582,0,0
-79.9101581413,40.4487609326,383,TS253,40,383,,,SDE,2015/08/11 14:08:33+00,38,0,0
-79.9279250282,40.4441212591,384,TS541,40,384,,,SDE,2015/08/11 14:08:35+00,128,0,0
-80.0393881611,40.4528752507,385,TS195,40,385,,,SDE,2015/08/11 14:08:41+00,456,0,0
-80.0019327167,40.4384370679,386,TS30,40,386,,,SDE,2015/08/11 14:08:37+00,240,0,0
-79.9512622343,40.4651883963,387,TS665,40,387,,,SDE,2015/08/11 14:08:43+00,565,0,0
-79.9372913682,40.4477923957,388,TS318,40,388,,,SDE,2015/08/11 14:08:35+00,130,0,0
-80.0057835823,40.4385629226,389,TS353,40,389,,,SDE,2015/08/11 14:08:38+00,272,0,0
-80.052656259,40.4429950087,390,TS568,40,390,,,SDE,2015/08/11 14:08:41+00,458,0,0
-80.0046754466,40.4434580776,391,TS347,40,391,,,SDE,2015/08/11 14:08:38+00,283,0,0
-79.9999159872,40.4414485181,392,TS489,40,392,,,SDE,2015/08/11 14:08:38+00,300,0,0
-79.9427918434,40.4583105205,393,TS639,40,393,,,SDE,2015/08/11 14:08:37+00,207,0,0
-79.9941776677,40.4399704045,394,TS582,40,394,,,SDE,2015/08/11 14:08:37+00,248,0,0
-79.980740754,40.4269528067,395,TS279,40,395,,,SDE,2015/08/11 14:08:40+00,387,0,0
-79.9657412531,40.4262389424,396,TS654,40,396,,,SDE,2015/08/11 14:08:40+00,374,0,0
-79.9294005568,40.4656109344,397,TS473,40,397,,,SDE,2015/08/11 14:08:34+00,68,0,0
-79.9992681617,40.4291466736,398,TS434,40,398,,,SDE,2015/08/11 14:08:40+00,394,0,0
-79.9531907663,40.4343833306,399,TS23,40,399,,,SDE,2015/08/11 14:08:35+00,145,0,0
-79.965983279,40.4557081977,400,TS122,40,400,,,SDE,2015/08/11 14:08:37+00,244,0,0
-79.9304698691,40.383283683,401,TS558,40,401,,,SDE,2015/08/11 14:08:34+00,88,0,0
-79.9229540478,40.4337290301,402,TS403,40,402,,,SDE,2015/08/11 14:08:35+00,118,0,0
-80.00262081,40.4562189748,403,TS206,40,403,,,SDE,2015/08/11 14:08:42+00,501,0,0
-79.9300911376,40.4696658459,404,TS126,40,404,,,SDE,2015/08/11 14:08:43+00,535,0,0
-79.9145076878,40.4652712188,405,TS418,40,405,,,SDE,2015/08/11 14:08:34+00,84,0,0
-80.0298350075,40.455833845,406,TS86,40,406,,,SDE,2015/08/11 14:08:42+00,494,0,0
-80.0339612543,40.4817069847,407,TS143,40,407,,,SDE,2015/08/11 14:08:41+00,478,0,0
-79.9227225152,40.460655934,408,TS507,40,408,,,SDE,2015/08/11 14:08:34+00,64,0,0
-79.9594324046,40.4397801496,409,TS329,40,409,,,SDE,2015/08/11 14:08:36+00,170,0,0
-79.9902090195,40.4107179917,410,TS164,40,410,,,SDE,2015/08/11 14:08:40+00,403,0,0
-79.90803978,40.4586741824,411,TS295,40,411,,,SDE,2015/08/11 14:08:34+00,55,0,0
-80.0070118066,40.440296741,412,TS21,40,412,,,SDE,2015/08/11 14:08:37+00,235,0,0
-79.9961726993,40.4336430487,413,TS601,40,413,,,SDE,2015/08/11 14:08:44+00,607,0,0
-80.0424093715,40.4427749169,414,TS656,40,414,,,SDE,2015/08/11 14:08:43+00,581,0,0
-79.9612400827,40.4384647165,415,TS325,40,415,,,SDE,2015/08/11 14:08:36+00,169,0,0
-79.9806519097,40.4278384375,416,TS281,40,416,,,SDE,2015/08/11 14:08:40+00,388,0,0
-79.9574379093,40.44251358,417,TS130,40,417,,,SDE,2015/08/11 14:08:36+00,178,0,0
-79.9255070437,40.3796067238,418,TS553,40,418,,,SDE,2015/08/11 14:08:34+00,87,0,0
-79.9306730564,40.4634932489,419,TS471,40,419,,,SDE,2015/08/11 14:08:34+00,67,0,0
-80.0450883058,40.4502894153,420,TS614,40,420,,,SDE,2015/08/11 14:08:41+00,457,0,0
-79.9364409394,40.4646756104,421,TS6,40,421,,,SDE,2015/08/11 14:08:34+00,61,0,0
-79.9464461954,40.465466461,422,TS456,40,422,,,SDE,2015/08/11 14:08:40+00,369,0,0
-79.9496880877,40.4525845802,423,TS217,40,423,,,SDE,2015/08/11 14:08:36+00,201,0,0
-79.9947814587,40.4356781864,424,TS640,40,424,,,SDE,2015/08/11 14:08:44+00,597,0,0
-79.9520355194,40.4249166212,425,TS543,40,425,,,SDE,2015/08/11 14:08:35+00,96,0,0
-79.9578534251,40.4422106346,426,TS258,40,426,,,SDE,2015/08/11 14:08:36+00,176,0,0
-80.0217979594,40.4927785907,427,TS63,40,427,,,SDE,2015/08/11 14:08:42+00,489,0,0
-80.0236616393,40.396229692,428,TS158,40,428,,,SDE,2015/08/11 14:08:40+00,423,0,0
-80.0007410359,40.4489421932,429,TS35,40,429,,,SDE,2015/08/11 14:08:42+00,526,0,0
-79.9296462703,40.4498272494,430,TS307,40,430,,,SDE,2015/08/11 14:08:35+00,132,0,0
-79.9979736427,40.4429362327,431,TS424,40,431,,,SDE,2015/08/11 14:08:38+00,291,0,0
-79.9968277005,40.454160856,432,TS448,40,432,,,SDE,2015/08/11 14:08:42+00,508,0,0
-79.9535604176,40.4659311233,433,TS358,40,433,,,SDE,2015/08/11 14:08:39+00,336,0,0
-79.8807025619,40.454696161,434,TS108,40,434,,,SDE,2015/08/11 14:08:33+00,3,0,0
-80.0408154673,40.4033271979,435,TS60,40,435,,,SDE,2015/08/11 14:08:41+00,431,0,0
-79.9342052231,40.4483999283,436,TS4,40,436,,,SDE,2015/08/11 14:08:35+00,131,0,0
-80.0059759655,40.4823586583,437,TS621,40,437,,,SDE,2015/08/11 14:08:43+00,559,0,0
-79.9276102325,40.4341191488,438,TS84,40,438,,,SDE,2015/08/11 14:08:35+00,112,0,0
-79.9776354954,40.4285879094,439,TS202,40,439,,,SDE,2015/08/11 14:08:40+00,378,0,0
-79.9942849904,40.4380381366,440,TS338,40,440,,,SDE,2015/08/11 14:08:37+00,254,0,0
-79.9257759355,40.4165265664,441,TS608,40,441,,,SDE,2015/08/11 14:08:43+00,537,0,0
-79.9978497471,40.4572567839,442,TS610,40,442,,,SDE,2015/08/11 14:08:42+00,506,0,0
-80.0484021405,40.4009168115,443,TS652,40,443,,,SDE,2015/08/11 14:08:41+00,429,0,0
-79.986890306,40.4482209557,444,TS431,40,444,,,SDE,2015/08/11 14:08:39+00,316,0,0
-80.0342366032,40.4070073911,445,TS61,40,445,,,SDE,2015/08/11 14:08:41+00,432,0,0
-79.9786844788,40.3969661652,446,TS651,40,446,,,SDE,2015/08/11 14:08:42+00,522,0,0
-79.9007553692,40.4642069063,447,TS226,40,447,,,SDE,2015/08/11 14:08:42+00,519,0,0
-80.044352166,40.3996289183,448,TS59,40,448,,,SDE,2015/08/11 14:08:41+00,430,0,0
-79.9986632883,40.4383960494,449,TS229,40,449,,,SDE,2015/08/11 14:08:37+00,252,0,0
-80.0174629916,40.4467997737,450,TS544,40,450,,,SDE,2015/08/11 14:08:42+00,523,0,0
-79.9842085905,40.4376151489,451,TS590,40,451,,,SDE,2015/08/11 14:08:37+00,228,0,0
-79.9207120972,40.4528937794,452,TS312,40,452,,,SDE,2015/08/11 14:08:35+00,135,0,0
-79.9205127602,40.4438511541,453,TS529,40,453,,,SDE,2015/08/11 14:08:35+00,126,0,0
-79.953748789,40.4476164445,454,TS76,40,454,,,SDE,2015/08/11 14:08:36+00,194,0,0
-80.0028802659,40.4504941455,455,TS240,40,455,,,SDE,2015/08/11 14:08:42+00,511,0,0
-79.9736072799,40.4283624306,456,TS575,40,456,,,SDE,2015/08/11 14:08:42+00,534,0,0
-79.9081917256,40.4514869351,457,TS252,40,457,,,SDE,2015/08/11 14:08:33+00,39,0,0
-79.9981599093,40.4408012873,458,TS487,40,458,,,SDE,2015/08/11 14:08:38+00,298,0,0
-79.987807829,40.4344774271,459,TS596,40,459,,,SDE,2015/08/11 14:08:44+00,609,0,0
-79.8884581516,40.4545976388,460,TS106,40,460,,,SDE,2015/08/11 14:08:33+00,11,0,0
-79.9965296242,40.4433098655,461,TS432,40,461,,,SDE,2015/08/11 14:08:38+00,295,0,0
-80.0030963251,40.4424896304,462,TS309,40,462,,,SDE,2015/08/11 14:08:38+00,259,0,0
-79.9990938571,40.4394131728,463,TS339,40,463,,,SDE,2015/08/11 14:08:38+00,269,0,0
-79.9915320214,40.4404391279,464,TS220,40,464,,,SDE,2015/08/11 14:08:37+00,249,0,0
-79.9776925501,40.4238270042,465,TS280,40,465,,,SDE,2015/08/11 14:08:40+00,392,0,0
-80.0021496446,40.4427416558,466,TS496,40,466,,,SDE,2015/08/11 14:08:38+00,302,0,0
-79.9863594789,40.4277384837,467,TS515,40,467,,,SDE,2015/08/11 14:08:40+00,386,0,0
-79.9639324432,40.4378419395,468,TS242,40,468,,,SDE,2015/08/11 14:08:36+00,166,0,0
-80.0129333931,40.4353496074,469,TS386,40,469,,,SDE,2015/08/11 14:08:43+00,573,0,0
-79.9364902785,40.4565646145,470,TS211,40,470,,,SDE,2015/08/11 14:08:36+00,156,0,0
-79.9807751909,40.4383597122,471,TS260,40,471,,,SDE,2015/08/11 14:08:37+00,220,0,0
-79.9628366692,40.4419594932,472,TS619,40,472,,,SDE,2015/08/11 14:08:36+00,191,0,0
-80.0036758059,40.4529634153,473,TS238,40,473,,,SDE,2015/08/11 14:08:42+00,498,0,0
-79.9307396907,40.473252525,474,TS233,40,474,,,SDE,2015/08/11 14:08:39+00,367,0,0
-80.0417642526,40.4819033809,475,TS191,40,475,,,SDE,2015/08/11 14:08:42+00,482,0,0
-80.0076485989,40.4521832767,476,TS239,40,476,,,SDE,2015/08/11 14:08:43+00,554,0,0
-79.9865275375,40.4582761927,477,TS484,40,477,,,SDE,2015/08/11 14:08:44+00,593,0,0
-80.0067547132,40.4768318924,478,TS606,40,478,,,SDE,2015/08/11 14:08:43+00,558,0,0
-79.9043887213,40.4572060962,479,TS251,40,479,,,SDE,2015/08/11 14:08:34+00,43,0,0
-79.9508841397,40.4626362171,480,TS638,40,480,,,SDE,2015/08/11 14:08:39+00,340,0,0
-79.9274675809,40.459232093,481,TS85,40,481,,,SDE,2015/08/11 14:08:39+00,351,0,0
-80.0039620478,40.4321644962,482,TS597,40,482,,,SDE,2015/08/11 14:08:41+00,440,0,0
-79.9579610953,40.4651823192,483,TS356,40,483,,,SDE,2015/08/11 14:08:39+00,334,0,0
-79.9130828735,40.4380276552,484,TS249,40,484,,,SDE,2015/08/11 14:08:33+00,37,0,0
-79.9476735986,40.4543832434,485,TS70,40,485,,,SDE,2015/08/11 14:08:37+00,203,0,0
-79.9983610457,40.4289903084,486,TS45,40,486,,,SDE,2015/08/11 14:08:42+00,529,0,0
-79.9988279756,40.4569201778,487,TS265,40,487,,,SDE,2015/08/11 14:08:42+00,503,0,0
-79.9013158946,40.4491813078,488,TS406,40,488,,,SDE,2015/08/11 14:08:33+00,31,0,0
-79.924807964,40.4614637172,489,TS593,40,489,,,SDE,2015/08/11 14:08:34+00,65,0,0
-79.9014791841,40.457554432,490,TS112,40,490,,,SDE,2015/08/11 14:08:33+00,35,0,0
-79.9949588742,40.4421572582,491,TS387,40,491,,,SDE,2015/08/11 14:08:38+00,288,0,0
-80.0050212863,40.4395985868,492,TS28,40,492,,,SDE,2015/08/11 14:08:37+00,239,0,0
-79.9875040116,40.4488165145,493,TS495,40,493,,,SDE,2015/08/11 14:08:39+00,317,0,0
-80.0235725417,40.4506472288,494,TS629,40,494,,,SDE,2015/08/11 14:08:41+00,460,0,0
-79.9179890063,40.4873405304,495,TS563,40,495,,,SDE,2015/08/11 14:08:39+00,366,0,0
-79.9262770661,40.4715218865,496,TS474,40,496,,,SDE,2015/08/11 14:08:34+00,69,0,0
-79.9944787462,40.4361386823,497,TS247,40,497,,,SDE,2015/08/11 14:08:44+00,602,0,0
-80.0178258203,40.4480369759,498,TS542,40,498,,,SDE,2015/08/11 14:08:42+00,524,0,0
-79.9137904944,40.4604261911,499,TS369,40,499,,,SDE,2015/08/11 14:08:34+00,52,0,0
-79.9238201477,40.463760211,500,TS399,40,500,,,SDE,2015/08/11 14:08:34+00,76,0,0
-79.9837980488,40.387324689,501,TS87,40,501,,,SDE,2015/08/11 14:08:40+00,406,0,0
-80.0338523022,40.4360556195,502,TS409,40,502,,,SDE,2015/08/11 14:08:41+00,442,0,0
-80.0137008481,40.4317148753,503,TS459,40,503,,,SDE,2015/08/11 14:08:43+00,584,0,0
-79.9414934544,40.4550397134,504,TS627,40,504,,,SDE,2015/08/11 14:08:36+00,154,0,0
-79.8945024526,40.4559733616,505,TS580,40,505,,,SDE,2015/08/11 14:08:33+00,19,0,0
-80.0005527697,40.4210140597,506,TS289,40,506,,,SDE,2015/08/11 14:08:40+00,398,0,0
-79.9516752006,40.4424075353,507,TS663,40,507,,,SDE,2015/08/11 14:08:43+00,589,0,0
-79.9340572643,40.4572618037,508,TS216,40,508,,,SDE,2015/08/11 14:08:36+00,157,0,0
-79.9182522953,40.432296509,509,TS509,40,509,,,SDE,2015/08/11 14:08:35+00,108,0,0
-79.9909436555,40.4388066147,510,TS300,40,510,,,SDE,2015/08/11 14:08:37+00,215,0,0
-79.9157709877,40.4598584734,511,TS270,40,511,,,SDE,2015/08/11 14:08:34+00,51,0,0
-79.9231419718,40.4323536957,512,TS469,40,512,,,SDE,2015/08/11 14:08:35+00,109,0,0
-79.9090597002,40.4572819744,513,TS298,40,513,,,SDE,2015/08/11 14:08:34+00,57,0,0
-79.9385359041,40.4569330561,514,TS1,40,514,,,SDE,2015/08/11 14:08:37+00,210,0,0
-80.0045265042,40.4491368211,515,TS293,40,515,,,SDE,2015/08/11 14:08:42+00,513,0,0
-79.9208303236,40.4598057877,516,TS494,40,516,,,SDE,2015/08/11 14:08:43+00,586,0,0
-79.9309792175,40.4520618355,517,TS475,40,517,,,SDE,2015/08/11 14:08:36+00,161,0,0
-80.0021083301,40.4413830741,518,TS304,40,518,,,SDE,2015/08/11 14:08:38+00,258,0,0
-79.9965323893,40.4464345273,519,TS348,40,519,,,SDE,2015/08/11 14:08:38+00,284,0,0
-79.9986602691,40.4564184566,520,TS267,40,520,,,SDE,2015/08/11 14:08:42+00,504,0,0
-79.9365176151,40.4328481394,521,TS390,40,521,,,SDE,2015/08/11 14:08:35+00,121,0,0
-79.9037608779,40.4499979551,522,TS417,40,522,,,SDE,2015/08/11 14:08:33+00,33,0,0
-80.0042500674,40.4482458522,523,TS292,40,523,,,SDE,2015/08/11 14:08:42+00,512,0,0
-79.9767983743,40.4459289479,524,TS414,40,524,,,SDE,2015/08/11 14:08:43+00,576,0,0
-79.9174119986,40.4574810729,525,TS248,40,525,,,SDE,2015/08/11 14:08:34+00,50,0,0
-79.991038072,40.4379300494,526,TS588,40,526,,,SDE,2015/08/11 14:08:37+00,224,0,0
-79.9581186913,40.4359040852,527,TS25,40,527,,,SDE,2015/08/11 14:08:35+00,142,0,0
-79.9105369528,40.4557623671,528,TS672,40,528,,,SDE,2015/08/11 14:08:43+00,563,0,0
-79.9278224028,40.4625110418,529,TS508,40,529,,,SDE,2015/08/11 14:08:34+00,66,0,0
-79.9898189306,40.4344805751,530,TS48,40,530,,,SDE,2015/08/11 14:08:42+00,530,0,0
-79.9496263258,40.4639996113,531,TS376,40,531,,,SDE,2015/08/11 14:08:43+00,567,0,0
-79.9394119465,40.401008133,532,TS382,40,532,,,SDE,2015/08/11 14:08:34+00,89,0,0
-80.0246727381,40.4105677026,533,TS574,40,533,,,SDE,2015/08/11 14:08:41+00,435,0,0
-79.9325680893,40.4547461801,534,TS287,40,534,,,SDE,2015/08/11 14:08:36+00,160,0,0
-79.9424524572,40.4474144414,535,TS306,40,535,,,SDE,2015/08/11 14:08:35+00,147,0,0
-80.0354210355,40.4830527189,536,TS148,40,536,,,SDE,2015/08/11 14:08:41+00,479,0,0
-79.9776647248,40.4382342004,537,TS554,40,537,,,SDE,2015/08/11 14:08:37+00,221,0,0
-80.031718259,40.4764891047,538,TS150,40,538,,,SDE,2015/08/11 14:08:41+00,477,0,0
-79.8900208762,40.4559576588,539,TS552,40,539,,,SDE,2015/08/11 14:08:33+00,17,0,0
-80.0307335294,40.4621009767,540,TS564,40,540,,,SDE,2015/08/11 14:08:42+00,493,0,0
-79.9749469456,40.4562938562,541,TS437,40,541,,,SDE,2015/08/11 14:08:39+00,325,0,0
-79.9923246715,40.4218081877,542,TS46,40,542,,,SDE,2015/08/11 14:08:40+00,395,0,0
-79.9831150974,40.4516845121,543,TS628,40,543,,,SDE,2015/08/11 14:08:39+00,319,0,0
-80.0153482066,40.4560959414,544,TS595,40,544,,,SDE,2015/08/11 14:08:41+00,472,0,0
-79.9920341734,40.4416530202,545,TS91,40,545,,,SDE,2015/08/11 14:08:44+00,600,0,0
-80.0026998447,40.4416885229,546,TS301,40,546,,,SDE,2015/08/11 14:08:37+00,255,0,0
-79.9937373621,40.4218022119,547,TS613,40,547,,,SDE,2015/08/11 14:08:40+00,396,0,0
-79.8911085411,40.4531649485,548,TS133,40,548,,,SDE,2015/08/11 14:08:33+00,14,0,0
-80.0105956354,40.454717193,549,TS481,40,549,,,SDE,2015/08/11 14:08:41+00,471,0,0
-80.0170512057,40.4535430216,550,TS377,40,550,,,SDE,2015/08/11 14:08:41+00,465,0,0
-79.9250428258,40.4599541596,551,TS400,40,551,,,SDE,2015/08/11 14:08:39+00,352,0,0
-79.9151258203,40.4326237976,552,TS99,40,552,,,SDE,2015/08/11 14:08:35+00,107,0,0
-80.0287929042,40.4736515105,553,TS147,40,553,,,SDE,2015/08/11 14:08:41+00,476,0,0
-80.0201089003,40.4552003073,554,TS14,40,554,,,SDE,2015/08/11 14:08:41+00,464,0,0
-79.9444807669,40.4624485327,555,TS373,40,555,,,SDE,2015/08/11 14:08:39+00,344,0,0
-80.0013681471,40.435993336,556,TS636,40,556,,,SDE,2015/08/11 14:08:44+00,598,0,0
-79.9881361507,40.4440501352,557,TS89,40,557,,,SDE,2015/08/11 14:08:37+00,241,0,0
-79.953441584,40.4815903127,558,TS181,40,558,,,SDE,2015/08/11 14:08:39+00,357,0,0
-79.9670687295,40.4270815993,559,TS653,40,559,,,SDE,2015/08/11 14:08:40+00,373,0,0
-79.9967657258,40.4411051354,560,TS532,40,560,,,SDE,2015/08/11 14:08:38+00,309,0,0
-79.9462984081,40.4851582341,561,TS179,40,561,,,SDE,2015/08/11 14:08:39+00,363,0,0
-79.9293716239,40.4596819632,562,TS67,40,562,,,SDE,2015/08/11 14:08:39+00,349,0,0
-80.0406296912,40.44397319,563,TS222,40,563,,,SDE,2015/08/11 14:08:43+00,553,0,0
-79.9518459748,40.4489883952,564,TS261,40,564,,,SDE,2015/08/11 14:08:36+00,196,0,0
-79.9850568472,40.43854161,565,TS311,40,565,,,SDE,2015/08/11 14:08:37+00,218,0,0
-80.0101520186,40.4884487169,566,TS81,40,566,,,SDE,2015/08/11 14:08:42+00,487,0,0
-79.8891900136,40.4527255363,567,TS170,40,567,,,SDE,2015/08/11 14:08:33+00,13,0,0
-79.9938086955,40.4437879105,568,TS282a,40,568,,,Cartegraph,2015/08/15 00:24:53+00,520,0,0
-80.0002271645,40.4423330713,569,TS430a,40,569,,,Cartegraph,2015/08/15 00:28:43+00,293,0,0
-79.9944749885,40.4383075757,570,TS338a,40,570,,,Cartegraph,2015/08/15 00:26:36+00,518,0,0
-79.9730193182,40.4358170202,571,TS671,40,571,,,SDE,2015/08/11 14:08:44+00,608,0,0
-79.9336251189,40.4565297964,572,TS661,40,572,,,SDE,2015/08/11 14:08:44+00,605,0,0
-80.010859953,40.4471655077,573,TS602,40,573,,,SDE,2015/08/11 14:08:44+00,606,0,0
-79.9957772088,40.4343115516,574,TS408,40,574,,,SDE,2015/08/11 14:08:44+00,601,0,0
-79.8871606969,40.4869309066,575,TS584,40,575,,,SDE,2015/08/11 14:08:44+00,603,0,0
-79.9974844337,40.4430582435,576,TS429,40,576,,,SDE,2015/08/11 14:08:38+00,292,0,0
-79.9153543562,40.4536139741,577,TS93,40,577,,,SDE,2015/08/11 14:08:35+00,136,0,0
-79.9620709758,40.4391314171,578,TS297,40,578,,,SDE,2015/08/11 14:08:36+00,168,0,0
-79.9805619632,40.428758756,579,TS196,40,579,,,SDE,2015/08/11 14:08:40+00,379,0,0
-79.9866060718,40.3913310023,580,TS168,40,580,,,SDE,2015/08/11 14:08:40+00,405,0,0
-79.9613092269,40.4232547592,581,TS615,40,581,,,SDE,2015/08/11 14:08:43+00,545,0,0
-79.9228329774,40.4347536141,582,TS82,40,582,,,SDE,2015/08/11 14:08:35+00,117,0,0
-79.9972665787,40.4386899153,583,TS324,40,583,,,SDE,2015/08/11 14:08:38+00,265,0,0
-79.9531734935,40.4455737769,584,TS315,40,584,,,SDE,2015/08/11 14:08:36+00,185,0,0
-80.0198895137,40.4258249071,585,TS524,40,585,,,SDE,2015/08/11 14:08:41+00,438,0,0
-79.8985283819,40.4579059506,586,TS368,40,586,,,SDE,2015/08/11 14:08:33+00,26,0,0
-79.9452133529,40.4549697249,587,TS71,40,587,,,SDE,2015/08/11 14:08:37+00,213,0,0
-80.0095364031,40.4853318249,588,TS607,40,588,,,SDE,2015/08/11 14:08:43+00,560,0,0
-79.9592027808,40.4311358603,589,TS64,40,589,,,SDE,2015/08/11 14:08:35+00,137,0,0
-79.9556994015,40.4783472532,590,TS173,40,590,,,SDE,2015/08/11 14:08:39+00,359,0,0
-79.9223545661,40.4612162182,591,TS415,40,591,,,SDE,2015/08/11 14:08:34+00,82,0,0
-79.8988935578,40.4569709957,592,TS111,40,592,,,SDE,2015/08/11 14:08:33+00,25,0,0
-80.0073367102,40.4294658998,593,TS530,40,593,,,SDE,2015/08/11 14:08:41+00,439,0,0
-79.9507380332,40.4498004723,594,TS77,40,594,,,SDE,2015/08/11 14:08:36+00,197,0,0
-79.95929122,40.4721483354,595,TS666,40,595,,,SDE,2015/08/11 14:08:43+00,541,0,0
-80.0558577388,40.4377666746,596,TS244,40,596,,,SDE,2015/08/11 14:08:43+00,555,0,0
-79.9229838135,40.4380560697,597,TS333,40,597,,,SDE,2015/08/11 14:08:35+00,114,0,0
-79.9507398711,40.443908024,598,TS103,40,598,,,SDE,2015/08/11 14:08:36+00,187,0,0
-80.0345404656,40.4419846066,599,TS10,40,599,,,SDE,2015/08/11 14:08:41+00,447,0,0
-79.9551839285,40.4656515802,600,TS449,40,600,,,SDE,2015/08/11 14:08:39+00,335,0,0
-79.9519418305,40.4540304282,601,TS69,40,601,,,SDE,2015/08/11 14:08:37+00,205,0,0
-79.9467304681,40.4160176441,602,TS572,40,602,,,SDE,2015/08/11 14:08:35+00,93,0,0
-79.9731355988,40.4274059038,603,TS519,40,603,,,SDE,2015/08/11 14:08:40+00,389,0,0
-79.9387957759,40.4438816424,604,TS100,40,604,,,SDE,2015/08/11 14:08:36+00,149,0,0
-79.9864221975,40.4287498999,605,TS201,40,605,,,SDE,2015/08/11 14:08:40+00,382,0,0
-79.9249085052,40.4154485205,606,TS161,40,606,,,SDE,2015/08/11 14:08:35+00,97,0,0
-79.995818782,40.4424693685,607,TS527,40,607,,,SDE,2015/08/11 14:08:38+00,307,0,0
-79.8932303375,40.4868376556,608,TS599,40,608,,,SDE,2015/08/11 14:08:44+00,604,0,0
-79.9342489252,40.4483918153,609,TS4a,,609,Cartegraph,2015-08-15T00:14:34.000Z,SDE,2015/08/17 16:34:49+00,610,0,0
-80.0039818987,40.4411618846,610,TS326a,40,610,,,SDE,2015/08/18 14:56:18+00,267,0,0
-80.0031949997,40.449447,611,TS637,40,614,SDE,2015-09-04T13:54:18.000Z,SDE,2015/09/04 14:04:50+00,578,0,0
-79.9250870005,40.4592920003,612,TS685,40,617,SDE,2015-09-04T14:05:55.000Z,SDE,2015/09/04 14:06:06+00,352,0,0
-79.9982809995,40.4457840001,613,TS349,40,618,SDE,2015-09-04T14:06:17.000Z,SDE,2015/09/04 14:06:29+00,280,0,0
-80.0104360003,40.4478909997,614,TS647,40,612,SDE,2015-09-04T13:20:11.000Z,SDE,2015/09/04 14:05:44+00,587,0,0
-80.0230310004,40.4483579998,615,TS670,40,613,SDE,2015-09-04T13:53:56.000Z,SDE,2015/09/04 13:59:22+00,460,0,0
-79.9216660003,40.4603069997,616,TS677,40,616,SDE,2015-09-04T14:05:23.000Z,SDE,2015/09/04 14:05:32+00,64,0,0
-79.9870939999,40.4345240001,617,TS631,40,619,SDE,2015-09-04T14:06:39.000Z,SDE,2015/09/04 14:06:50+00,609,0,0
-79.9239479996,40.4602870002,618,TS678,40,615,SDE,2015-09-04T14:05:01.000Z,SDE,2015/09/04 14:05:12+00,64,0,0
-80.0122339999,40.4483790003,619,TS625,40,611,SDE,2015-09-04T13:17:07.000Z,SDE,2015/09/04 13:59:38+00,587,0,0
