WARD93_ID,WARDS,DATASET,OSNI_SCALE,LGD,AREA_SQKMS,AREA_SQM,PERIM_M,PERIM_KM,OBJECTID
101,ALDERGROVE,WARDS 1993,1:50000,Antrim,156.692306332,156692306.332,65404.5739289,65.4045739289,1
102,BALLOO,WARDS 1993,1:50000,Antrim,5.14036241531,5140362.41531,10542.4278381,10.5424278381,2
103,BALLYCRAIGY,WARDS 1993,1:50000,Antrim,0.57411205117,574112.05117,3245.63360193,3.24563360193,3
104,CLADY,WARDS 1993,1:50000,Antrim,80.2766756887,80276675.6887,56926.0107949,56.9260107949,4
105,CRANFIELD,WARDS 1993,1:50000,Antrim,55.1790490015,55179049.0015,40133.2832949,40.1332832949,5
106,CRUMLIN,WARDS 1993,1:50000,Antrim,14.7102828485,14710282.8485,20304.613481,20.304613481,6
107,DRUMANAWAY,WARDS 1993,1:50000,Antrim,23.5954500501,23595450.0501,27960.4306274,27.9604306274,7
108,FOUNTAIN HILL,WARDS 1993,1:50000,Antrim,0.868752218335,868752.218335,5122.39693025,5.12239693025,8
109,GREYSTONE,WARDS 1993,1:50000,Antrim,0.553536526838,553536.526838,3987.70627592,3.98770627592,9
110,MASSEREENE,WARDS 1993,1:50000,Antrim,5.22717402172,5227174.02172,16824.6751461,16.8246751461,10
112,RANDALSTOWN,WARDS 1993,1:50000,Antrim,23.0687154771,23068715.4771,23502.1584714,23.5021584714,11
114,SPRINGFARM,WARDS 1993,1:50000,Antrim,4.16735359993,4167353.59993,9370.13042959,9.37013042959,12
115,STEEPLE,WARDS 1993,1:50000,Antrim,0.432789373201,432789.373201,2829.94253471,2.82994253471,13
116,STILES,WARDS 1993,1:50000,Antrim,0.554803180868,554803.180868,3209.95152488,3.20995152488,14
118,TEMPLEPATRICK,WARDS 1993,1:50000,Antrim,20.2783150129,20278315.0129,26239.7862456,26.2397862456,15
119,TOOME,WARDS 1993,1:50000,Antrim,64.9846902688,64984690.2688,42444.1633265,42.4441633265,16
121,FARRANSHANE,WARDS 1993,1:50000,Antrim,4.19488043739,4194880.43739,10338.469036,10.338469036,17
122,PARKGATE,WARDS 1993,1:50000,Antrim,65.1413246039,65141324.6039,41798.3551014,41.7983551014,18
123,SHILVODAN,WARDS 1993,1:50000,Antrim,52.2959062808,52295906.2808,44742.3345143,44.7423345143,19
201,BALLYGOWAN,WARDS 1993,1:50000,Ards,15.6433107415,15643310.7415,20820.3717477,20.8203717477,20
202,BALLYWALTER,WARDS 1993,1:50000,Ards,48.864797218,48864797.218,35176.2107273,35.1762107273,21
203,BRADSHAW'S BRAE,WARDS 1993,1:50000,Ards,10.3383936408,10338393.6408,18517.1851573,18.5171851573,22
204,CENTRAL,WARDS 1993,1:50000,Ards,2.73511676818,2735116.76818,8220.73073925,8.22073073925,23
205,COMBER NORTH,WARDS 1993,1:50000,Ards,3.62052210594,3620522.10594,8680.17740536,8.68017740536,24
207,COMBER WEST,WARDS 1993,1:50000,Ards,6.5531800225,6553180.0225,12825.1271078,12.8251271078,25
208,DONAGHADEE NORTH,WARDS 1993,1:50000,Ards,16.9196541248,16919654.1248,32877.0146241,32.8770146241,26
209,DONAGHADEE SOUTH,WARDS 1993,1:50000,Ards,1.89202771432,1892027.71432,8210.53125821,8.21053125821,27
210,GLEN,WARDS 1993,1:50000,Ards,4.60214212793,4602142.12793,11026.828659,11.026828659,28
211,KILLINCHY,WARDS 1993,1:50000,Ards,70.2399912518,70239991.2518,44964.9524574,44.9649524574,29
212,KIRCUBBIN,WARDS 1993,1:50000,Ards,64.486975547,64486975.547,41003.2003027,41.0032003027,30
213,LOUGHRIES,WARDS 1993,1:50000,Ards,20.5019272685,20501927.2685,27809.0972967,27.8090972967,31
214,MILLISLE,WARDS 1993,1:50000,Ards,15.1731125146,15173112.5146,20592.1762766,20.5921762766,32
215,MOVILLA,WARDS 1993,1:50000,Ards,1.44111611151,1441116.11151,5758.07237368,5.75807237368,33
216,PORTAFERRY,WARDS 1993,1:50000,Ards,36.5041731007,36504173.1007,37581.870851,37.581870851,34
217,PORTAVOGIE,WARDS 1993,1:50000,Ards,23.103620335,23103620.335,24509.0898947,24.5090898947,35
218,SCRABO,WARDS 1993,1:50000,Ards,7.71586370903,7715863.70903,15573.7304101,15.5737304101,36
220,WHITESPOTS,WARDS 1993,1:50000,Ards,2.6662595313,2666259.5313,8451.37029176,8.45137029176,37
222,BALLYRAINEY,WARDS 1993,1:50000,Ards,10.1710072606,10171007.2606,19989.2963849,19.9892963849,38
223,CARROWDORE,WARDS 1993,1:50000,Ards,63.3732241045,63373224.1045,46340.7429991,46.3407429991,39
224,COMBER EAST,WARDS 1993,1:50000,Ards,13.3966746687,13396674.6687,19958.2827621,19.9582827621,40
225,GREGSTOWN,WARDS 1993,1:50000,Ards,3.92922224021,3929222.24021,9724.07854174,9.72407854174,41
226,LISBANE,WARDS 1993,1:50000,Ards,42.6108806671,42610880.6671,39442.9496589,39.4429496589,42
301,ABBEY PARK,WARDS 1993,1:50000,Armagh,3.47543217683,3475432.17683,11454.3601946,11.4543601946,43
302,BALLYMARTRIM,WARDS 1993,1:50000,Armagh,61.3666129887,61366612.9887,47051.389865,47.051389865,44
303,CALLAN BRIDGE,WARDS 1993,1:50000,Armagh,1.36186476633,1361864.76633,7252.38925175,7.25238925175,45
304,CARRIGATUKE,WARDS 1993,1:50000,Armagh,62.7251851993,62725185.1993,41966.74236,41.96674236,46
305,CHARLEMONT,WARDS 1993,1:50000,Armagh,34.4710534991,34471053.4991,28745.8629563,28.7458629563,47
306,DEMESNE,WARDS 1993,1:50000,Armagh,3.36313446986,3363134.46986,9354.39298118,9.35439298118,48
307,DERRYNOOSE,WARDS 1993,1:50000,Armagh,69.9566271136,69956627.1136,49272.3186856,49.2723186856,49
308,DOWNS,WARDS 1993,1:50000,Armagh,1.54498000106,1544980.00106,7188.75505499,7.18875505499,50
309,HAMILTONSBAWN,WARDS 1993,1:50000,Armagh,54.7952974312,54795297.4312,49786.735134,49.786735134,51
310,HOCKLEY,WARDS 1993,1:50000,Armagh,41.9989225933,41998922.5933,44008.8324396,44.0088324396,52
311,KEADY,WARDS 1993,1:50000,Armagh,1.02484389952,1024843.89952,4918.20581829,4.91820581829,53
315,LOUGHGALL,WARDS 1993,1:50000,Armagh,32.807040453,32807040.453,30160.8534975,30.1608534975,54
321,TANDRAGEE,WARDS 1993,1:50000,Armagh,14.9634001445,14963400.1445,21964.0909897,21.9640909897,55
401,AHOGHILL,WARDS 1993,1:50000,Ballymena,11.2197643747,11219764.3747,18977.802776,18.977802776,56
402,ARDEEVIN,WARDS 1993,1:50000,Ballymena,3.46762327672,3467623.27672,10897.9733592,10.8979733592,57
403,BALLEE,WARDS 1993,1:50000,Ballymena,1.4781161355,1478116.1355,4859.92842791,4.85992842791,58
404,BALLYKEEL,WARDS 1993,1:50000,Ballymena,1.0908203511,1090820.3511,5500.62190868,5.50062190868,59
405,BALLYLOUGHAN,WARDS 1993,1:50000,Ballymena,0.9499767462,949976.7462,4447.0612628,4.4470612628,60
406,BROUGHSHANE,WARDS 1993,1:50000,Ballymena,11.999070612,11999070.612,21502.797365,21.502797365,61
407,CASTLE DEMESNE,WARDS 1993,1:50000,Ballymena,1.14700590181,1147005.90181,5141.18098418,5.14118098418,62
408,CRAIGYWARREN,WARDS 1993,1:50000,Ballymena,60.4712794626,60471279.4626,43735.1764088,43.7351764088,63
409,CULLYBACKEY,WARDS 1993,1:50000,Ballymena,4.84102822122,4841028.22122,12183.8736665,12.1838736665,64
410,DUNCLUG,WARDS 1993,1:50000,Ballymena,0.688847871423,688847.871423,3700.06892718,3.70006892718,65
411,DUNMINNING,WARDS 1993,1:50000,Ballymena,52.6588857617,52658885.7617,52980.7304442,52.9807304442,66
412,FAIR GREEN,WARDS 1993,1:50000,Ballymena,0.659127321485,659127.321485,4145.41935299,4.14541935299,67
413,GALGORM,WARDS 1993,1:50000,Ballymena,10.0260291625,10026029.1625,18744.552564,18.744552564,68
414,GLENRAVEL,WARDS 1993,1:50000,Ballymena,89.8341372997,89834137.2997,49611.5501848,49.6115501848,69
415,GLENWHIRRY,WARDS 1993,1:50000,Ballymena,115.759096244,115759096.244,71132.7534739,71.1327534739,70
416,GRANGE,WARDS 1993,1:50000,Ballymena,60.3534338629,60353433.8629,45020.8373118,45.0208373118,71
417,HARRYVILLE,WARDS 1993,1:50000,Ballymena,2.87287647082,2872876.47082,10288.4829924,10.2884829924,72
418,KELLS,WARDS 1993,1:50000,Ballymena,21.795638296,21795638.296,31133.3643481,31.1333643481,73
419,MOAT,WARDS 1993,1:50000,Ballymena,0.447104252094,447104.252094,4282.63765451,4.28263765451,74
420,PARK,WARDS 1993,1:50000,Ballymena,0.965206706823,965206.706823,5694.20799059,5.69420799059,75
421,PORTGLENONE,WARDS 1993,1:50000,Ballymena,39.4587033112,39458703.3112,34571.7689877,34.5717689877,76
422,SLEMISH,WARDS 1993,1:50000,Ballymena,135.945182368,135945182.368,69264.8319852,69.2648319852,77
423,SUMMERFIELD,WARDS 1993,1:50000,Ballymena,1.59417506117,1594175.06117,7074.37585867,7.07437585867,78
425,ACADEMY,WARDS 1993,1:50000,Ballymena,2.2290679662,2229067.9662,7571.86113201,7.57186113201,79
501,BALLYHOE AND CORKEY,WARDS 1993,1:50000,Ballymoney,81.5516700361,81551670.0361,44931.847518,44.931847518,80
502,BENVARDIN,WARDS 1993,1:50000,Ballymoney,35.937843668,35937843.668,35856.0822778,35.8560822778,81
503,CARNANY,WARDS 1993,1:50000,Ballymoney,0.8594114008,859411.4008,5370.98749232,5.37098749232,82
504,CLOGH MILLS,WARDS 1993,1:50000,Ballymoney,24.2698705016,24269870.5016,27698.7065288,27.6987065288,83
505,DERVOCK,WARDS 1993,1:50000,Ballymoney,38.8581612728,38858161.2728,41319.9712183,41.3199712183,84
506,DUNLOY,WARDS 1993,1:50000,Ballymoney,22.3436282958,22343628.2958,26302.3326486,26.3023326486,85
507,FAIRHILL,WARDS 1993,1:50000,Ballymoney,2.2395184438,2239518.4438,8010.88267149,8.01088267149,86
508,GLEBE,WARDS 1993,1:50000,Ballymoney,0.954361527793,954361.527793,6093.67406162,6.09367406162,87
509,KILLOQUIN LOWER,WARDS 1993,1:50000,Ballymoney,40.1444733291,40144473.3291,36183.8102187,36.1838102187,88
510,KILLOQUIN UPPER,WARDS 1993,1:50000,Ballymoney,24.2926917555,24292691.7555,25990.4461897,25.9904461897,89
511,KNOCKAHOLET,WARDS 1993,1:50000,Ballymoney,49.8581180968,49858118.0968,40770.8344323,40.7708344323,90
512,NEWHILL,WARDS 1993,1:50000,Ballymoney,0.636905392688,636905.392688,4034.01069741,4.03401069741,91
513,ROUTE,WARDS 1993,1:50000,Ballymoney,2.65487927175,2654879.27175,7453.66410815,7.45366410815,92
514,SEACON,WARDS 1993,1:50000,Ballymoney,18.9913635142,18991363.5142,25178.7975977,25.1787975977,93
515,STRANOCUM,WARDS 1993,1:50000,Ballymoney,40.0567298429,40056729.8429,33049.3736927,33.0493736927,94
516,THE VOW,WARDS 1993,1:50000,Ballymoney,34.9040881371,34904088.1371,38952.7594355,38.9527594355,95
605,DROMORE NORTH,WARDS 1993,1:50000,Banbridge,3.48052006891,3480520.06891,10572.0553821,10.5720553821,96
606,DROMORE SOUTH,WARDS 1993,1:50000,Banbridge,12.0602772786,12060277.2786,17833.405751,17.833405751,97
610,GILFORD,WARDS 1993,1:50000,Banbridge,15.4626800314,15462680.0314,20510.5148997,20.5105148997,98
612,LAWRENCETOWN,WARDS 1993,1:50000,Banbridge,27.6454259986,27645425.9986,34320.5277622,34.3205277622,99
614,QUILLY,WARDS 1993,1:50000,Banbridge,48.5320709397,48532070.9397,42546.7582425,42.5467582425,100
618,GRANSHA,WARDS 1993,1:50000,Banbridge,51.4917459549,51491745.9549,38850.3269204,38.8503269204,101
701,ANDERSONSTOWN,WARDS 1993,1:50000,Belfast,1.02544743697,1025447.43697,5601.43095049,5.60143095049,102
702,ARDOYNE,WARDS 1993,1:50000,Belfast,0.592323553821,592323.553821,3416.37161642,3.41637161642,103
703,BALLYHACKAMORE,WARDS 1993,1:50000,Belfast,1.13755535963,1137555.35963,4984.14679022,4.98414679022,104
704,BALLYMACARRETT,WARDS 1993,1:50000,Belfast,0.752366175934,752366.175934,4521.19784186,4.52119784186,105
705,BALLYNAFEIGH,WARDS 1993,1:50000,Belfast,0.65111546668,651115.46668,3895.91353151,3.89591353151,106
706,BALLYSILLAN,WARDS 1993,1:50000,Belfast,1.12344882724,1123448.82724,5405.06768422,5.40506768422,107
707,BEECHMOUNT,WARDS 1993,1:50000,Belfast,0.832626866852,832626.866852,5413.82657537,5.41382657537,108
708,BELLEVUE,WARDS 1993,1:50000,Belfast,2.8708417045,2870841.7045,9280.26410857,9.28026410857,109
709,BELMONT,WARDS 1993,1:50000,Belfast,1.79326616225,1793266.16225,7304.30753446,7.30430753446,110
710,BLACKSTAFF,WARDS 1993,1:50000,Belfast,1.93384946561,1933849.46561,7138.81931318,7.13881931318,111
711,BLOOMFIELD,WARDS 1993,1:50000,Belfast,0.766052941913,766052.941913,3563.65950645,3.56365950645,112
712,BOTANIC,WARDS 1993,1:50000,Belfast,1.31650073349,1316500.73349,5446.46467003,5.44646467003,113
713,CASTLEVIEW,WARDS 1993,1:50000,Belfast,1.46004328042,1460043.28042,5583.66885075,5.58366885075,114
714,CAVEHILL,WARDS 1993,1:50000,Belfast,3.3908303793,3390830.3793,9880.05174645,9.88005174645,115
715,CHERRYVALLEY,WARDS 1993,1:50000,Belfast,1.99035455704,1990354.55704,9420.14385089,9.42014385089,116
910,GILNAHIRK,WARDS 1993,1:50000,Castlereagh,0.812023548101,812023.548101,4537.75649365,4.53775649365,117
716,CHICHESTER PARK,WARDS 1993,1:50000,Belfast,0.972844293169,972844.293169,5616.28329077,5.61628329077,118
717,CLIFTONVILLE,WARDS 1993,1:50000,Belfast,1.19297350283,1192973.50283,5606.07495599,5.60607495599,119
718,CLONARD,WARDS 1993,1:50000,Belfast,0.65591220282,655912.20282,5409.93127416,5.40993127416,120
719,CRUMLIN,WARDS 1993,1:50000,Belfast,0.859123344853,859123.344853,3968.33340778,3.96833340778,121
720,DUNCAIRN,WARDS 1993,1:50000,Belfast,9.23932270973,9239322.70973,16258.2864074,16.2582864074,122
721,FALLS,WARDS 1993,1:50000,Belfast,1.15473880177,1154738.80177,6334.7677282,6.3347677282,123
722,FALLS PARK,WARDS 1993,1:50000,Belfast,2.36761920339,2367619.20339,7695.55123064,7.69555123064,124
723,FINAGHY,WARDS 1993,1:50000,Belfast,2.60838997686,2608389.97686,7252.46985549,7.25246985549,125
724,FORTWILLIAM,WARDS 1993,1:50000,Belfast,1.03309471052,1033094.71052,5229.76698957,5.22976698957,126
725,GLEN ROAD,WARDS 1993,1:50000,Belfast,1.59504356487,1595043.56487,6403.98163605,6.40398163605,127
726,GLENCAIRN,WARDS 1993,1:50000,Belfast,3.96374148149,3963741.48149,11009.4353063,11.0094353063,128
727,GLENCOLIN,WARDS 1993,1:50000,Belfast,9.50108566651,9501085.66651,14834.504867,14.834504867,129
728,HIGHFIELD,WARDS 1993,1:50000,Belfast,2.64009300436,2640093.00436,8491.44243902,8.49144243902,130
729,ISLAND,WARDS 1993,1:50000,Belfast,3.75599100858,3755991.00858,11330.4252446,11.3304252446,131
730,KNOCK,WARDS 1993,1:50000,Belfast,1.18989133709,1189891.33709,5869.22812525,5.86922812525,132
731,LADYBROOK,WARDS 1993,1:50000,Belfast,1.3656306568,1365630.6568,6897.34099984,6.89734099984,133
732,LEGONIEL,WARDS 1993,1:50000,Belfast,8.83710710974,8837107.10974,15287.805668,15.287805668,134
733,MALONE,WARDS 1993,1:50000,Belfast,2.19720778989,2197207.78989,6386.10585456,6.38610585456,135
734,NEW LODGE,WARDS 1993,1:50000,Belfast,0.722277202152,722277.202152,3891.88984912,3.89188984912,136
735,ORANGEFIELD,WARDS 1993,1:50000,Belfast,1.41012536348,1410125.36348,5782.07465276,5.78207465276,137
736,RAVENHILL,WARDS 1993,1:50000,Belfast,1.89690857521,1896908.57521,6499.22829865,6.49922829865,138
737,ROSETTA,WARDS 1993,1:50000,Belfast,1.69344710464,1693447.10464,7059.87153532,7.05987153532,139
738,SHAFTESBURY,WARDS 1993,1:50000,Belfast,2.22093987695,2220939.87695,6765.75699054,6.76575699054,140
739,SHANKILL,WARDS 1993,1:50000,Belfast,0.91151406832,911514.06832,6124.12602734,6.12412602734,141
741,STORMONT,WARDS 1993,1:50000,Belfast,7.05541807455,7055418.07455,13881.5283704,13.8815283704,142
742,STRANMILLIS,WARDS 1993,1:50000,Belfast,2.45108320933,2451083.20933,8056.2210343,8.0562210343,143
743,SYDENHAM,WARDS 1993,1:50000,Belfast,6.19110193698,6191101.93698,10871.5340795,10.8715340795,144
744,THE MOUNT,WARDS 1993,1:50000,Belfast,0.737953655113,737953.655113,4289.98384117,4.28998384117,145
745,UPPER MALONE,WARDS 1993,1:50000,Belfast,4.3376748623,4337674.8623,14447.8437989,14.4478437989,146
746,UPPER SPRINGFIELD,WARDS 1993,1:50000,Belfast,2.57234460251,2572344.60251,9329.66473345,9.32966473345,147
747,WATER WORKS,WARDS 1993,1:50000,Belfast,1.26735199407,1267351.99407,6588.16933798,6.58816933798,148
748,WHITEROCK,WARDS 1993,1:50000,Belfast,0.767068341184,767068.341184,4094.47354644,4.09447354644,149
749,WINDSOR,WARDS 1993,1:50000,Belfast,0.940525341391,940525.341391,4668.48981621,4.66848981621,150
750,WOODSTOCK,WARDS 1993,1:50000,Belfast,0.563207757026,563207.757026,3663.89599524,3.66389599524,151
751,WOODVALE,WARDS 1993,1:50000,Belfast,0.600527383408,600527.383408,3598.44004622,3.59844004622,152
753,MUSGRAVE,WARDS 1993,1:50000,Belfast,1.79557693723,1795576.93723,6847.02727048,6.84702727048,153
801,BLACKHEAD,WARDS 1993,1:50000,Carrickfergus,2.39791772236,2397917.72236,9105.23632283,9.10523632283,154
802,BONEYBEFORE,WARDS 1993,1:50000,Carrickfergus,0.593321061107,593321.061107,3801.60236102,3.80160236102,155
803,CLIPPERSTOWN,WARDS 1993,1:50000,Carrickfergus,0.489802178417,489802.178417,3156.51858327,3.15651858327,156
804,EDEN,WARDS 1993,1:50000,Carrickfergus,21.5410941153,21541094.1153,26554.0127472,26.5540127472,157
805,GORTALEE,WARDS 1993,1:50000,Carrickfergus,0.32949708646,329497.08646,3383.55392795,3.38355392795,158
806,GREENISLAND,WARDS 1993,1:50000,Carrickfergus,4.60088769409,4600887.69409,13637.427193,13.637427193,159
807,KILLYCROT,WARDS 1993,1:50000,Carrickfergus,1.11012590841,1110125.90841,8029.78495641,8.02978495641,160
808,KNOCKAGH,WARDS 1993,1:50000,Carrickfergus,3.22473824448,3224738.24448,8683.99248616,8.68399248616,161
809,LOVE LANE,WARDS 1993,1:50000,Carrickfergus,0.807317668857,807317.668857,4670.24407808,4.67024407808,162
810,MILEBUSH,WARDS 1993,1:50000,Carrickfergus,0.403919380701,403919.380701,3162.014063,3.162014063,163
811,NORTHLAND,WARDS 1993,1:50000,Carrickfergus,0.18126619333,181266.19333,1902.34785294,1.90234785294,164
812,SUNNYLANDS,WARDS 1993,1:50000,Carrickfergus,0.327204504423,327204.504423,2874.79439564,2.87479439564,165
813,VICTORIA,WARDS 1993,1:50000,Carrickfergus,1.12639657841,1126396.57841,6190.64613896,6.19064613896,166
814,WHITEHEAD,WARDS 1993,1:50000,Carrickfergus,6.5170327158,6517032.7158,11540.2908058,11.5402908058,167
815,WOODBURN,WARDS 1993,1:50000,Carrickfergus,36.2196477693,36219647.7693,31375.7865188,31.3757865188,168
817,BLUEFIELD,WARDS 1993,1:50000,Carrickfergus,0.923095766923,923095.766923,5283.82480847,5.28382480847,169
818,BURLEIGH HILL,WARDS 1993,1:50000,Carrickfergus,1.14580703417,1145807.03417,5473.13717587,5.47313717587,170
901,BALLYHANWOOD,WARDS 1993,1:50000,Castlereagh,10.5565263189,10556526.3189,15913.2094743,15.9132094743,171
902,BEECHILL,WARDS 1993,1:50000,Castlereagh,3.92015658574,3920156.58574,10641.9003806,10.6419003806,172
903,CARROWREAGH,WARDS 1993,1:50000,Castlereagh,7.5584258975,7558425.8975,15518.3917176,15.5183917176,173
905,CREGAGH,WARDS 1993,1:50000,Castlereagh,0.310271358683,310271.358683,2583.18410703,2.58318410703,174
906,DOWNSHIRE,WARDS 1993,1:50000,Castlereagh,0.430315437757,430315.437757,3339.12747908,3.33912747908,175
907,DUNDONALD,WARDS 1993,1:50000,Castlereagh,2.15791456448,2157914.56448,8726.63704478,8.72663704478,176
908,ENLER,WARDS 1993,1:50000,Castlereagh,0.510318470948,510318.470948,3708.15047604,3.70815047604,177
911,GRAHAM'S BRIDGE,WARDS 1993,1:50000,Castlereagh,0.885528971277,885528.971277,5752.84788145,5.75284788145,178
912,HILLFOOT,WARDS 1993,1:50000,Castlereagh,1.52470464959,1524704.64959,6547.40398523,6.54740398523,179
913,KNOCKBRACKEN,WARDS 1993,1:50000,Castlereagh,1.04620520156,1046205.20156,4792.30141689,4.79230141689,180
914,LISNASHARRAGH,WARDS 1993,1:50000,Castlereagh,0.96340381519,963403.81519,5077.55753094,5.07755753094,181
915,LOWER BRANIEL,WARDS 1993,1:50000,Castlereagh,0.868268471264,868268.471264,5317.57058151,5.31757058151,182
916,MINNOWBURN,WARDS 1993,1:50000,Castlereagh,1.44050371227,1440503.71227,7727.27153165,7.72727153165,183
917,MONEYREAGH,WARDS 1993,1:50000,Castlereagh,36.2470069358,36247006.9358,35761.203181,35.761203181,184
918,NEWTOWNBREDA,WARDS 1993,1:50000,Castlereagh,1.69173503918,1691735.03918,8054.66868557,8.05466868557,185
919,TULLYCARNET,WARDS 1993,1:50000,Castlereagh,0.499229875872,499229.875872,3450.62777879,3.45062777879,186
920,UPPER BRANIEL,WARDS 1993,1:50000,Castlereagh,2.8313510121,2831351.0121,7432.70800866,7.43270800866,187
921,WYNCHURCH,WARDS 1993,1:50000,Castlereagh,0.478755957576,478755.957576,3458.61011471,3.45861011471,188
923,CAIRNSHILL,WARDS 1993,1:50000,Castlereagh,0.956430683006,956430.683006,5815.96010119,5.81596010119,189
924,CARRYDUFF EAST,WARDS 1993,1:50000,Castlereagh,4.06869541961,4068695.41961,14194.8712857,14.1948712857,190
925,CARRYDUFF WEST,WARDS 1993,1:50000,Castlereagh,4.22387774324,4223877.74324,12783.0313337,12.7830313337,191
926,GALWALLY,WARDS 1993,1:50000,Castlereagh,1.02253329575,1022533.29575,4462.14142497,4.46214142497,192
1001,AGIVEY,WARDS 1993,1:50000,Coleraine,67.1639353261,67163935.3261,56328.0503087,56.3280503087,193
1002,ATLANTIC,WARDS 1993,1:50000,Coleraine,4.56071061856,4560710.61856,13481.5317546,13.4815317546,194
1003,BALLYSALLY,WARDS 1993,1:50000,Coleraine,0.920312564986,920312.564986,4539.55141602,4.53955141602,195
1004,CASTLEROCK,WARDS 1993,1:50000,Coleraine,29.1338805533,29133880.5533,29400.846321,29.400846321,196
1006,CHURCHLAND,WARDS 1993,1:50000,Coleraine,1.24956515658,1249565.15658,5132.44881391,5.13244881391,197
1007,CROSS GLEBE,WARDS 1993,1:50000,Coleraine,1.26542343858,1265423.43858,5105.43413327,5.10543413327,198
1008,DUNLUCE,WARDS 1993,1:50000,Coleraine,47.7573184886,47757318.4886,39739.288488,39.739288488,199
1009,GARVAGH,WARDS 1993,1:50000,Coleraine,53.3722251395,53372225.1395,40256.6784408,40.2566784408,200
1010,HOPEFIELD,WARDS 1993,1:50000,Coleraine,2.11570959257,2115709.59257,7341.97284718,7.34197284718,201
1011,KILREA,WARDS 1993,1:50000,Coleraine,26.4732067515,26473206.7515,27289.788137,27.289788137,202
1013,MACOSQUIN,WARDS 1993,1:50000,Coleraine,73.1058249923,73105824.9923,55488.8486131,55.4888486131,203
1014,MOUNT SANDEL,WARDS 1993,1:50000,Coleraine,1.91594780785,1915947.80785,7117.22577646,7.11722577646,204
1015,PORTSTEWART,WARDS 1993,1:50000,Coleraine,0.855893652021,855893.652021,6085.24320544,6.08524320544,205
1016,RINGSEND,WARDS 1993,1:50000,Coleraine,107.241138767,107241138.767,66687.9515483,66.6879515483,206
1017,ROYAL PORTRUSH,WARDS 1993,1:50000,Coleraine,4.19920343366,4199203.43366,16383.6173701,16.3836173701,207
1018,STRAND,WARDS 1993,1:50000,Coleraine,3.31744647278,3317446.47278,14183.9385608,14.1839385608,208
1019,THE CUTS,WARDS 1993,1:50000,Coleraine,4.64566216678,4645662.16678,12153.1778024,12.1531778024,209
1020,UNIVERSITY,WARDS 1993,1:50000,Coleraine,2.36803353555,2368033.53555,7835.05430714,7.83505430714,210
1021,WATERSIDE,WARDS 1993,1:50000,Coleraine,2.37567284517,2375672.84517,6539.4315597,6.5394315597,211
1022,CENTRAL,WARDS 1993,1:50000,Coleraine,1.05084227819,1050842.27819,5914.34771154,5.91434771154,212
1023,KNOCKLYNN,WARDS 1993,1:50000,Coleraine,2.95854302376,2958543.02376,9130.19313003,9.13019313003,213
1024,DUNDOOAN,WARDS 1993,1:50000,Coleraine,47.4887701227,47488770.1227,52121.0898316,52.1210898316,214
1101,ARDBOE,WARDS 1993,1:50000,Cookstown,61.8121089391,61812108.9391,36880.8668314,36.8808668314,215
1102,COAGH,WARDS 1993,1:50000,Cookstown,28.8631443631,28863144.3631,35331.6224173,35.3316224173,216
1103,DUNNAMORE,WARDS 1993,1:50000,Cookstown,98.2199571002,98219957.1002,51232.7600557,51.2327600557,217
1104,GORTALOWRY,WARDS 1993,1:50000,Cookstown,1.85219823514,1852198.23514,6519.90355254,6.51990355254,218
1105,KILLYCOLPY,WARDS 1993,1:50000,Cookstown,94.3713640536,94371364.0536,44925.7796922,44.9257796922,219
1106,KILLYMOON,WARDS 1993,1:50000,Cookstown,1.87054702101,1870547.02101,6807.97403563,6.80797403563,220
1107,LISSAN,WARDS 1993,1:50000,Cookstown,73.0240076655,73024007.6655,48824.8204541,48.8248204541,221
1108,MONEYMORE,WARDS 1993,1:50000,Cookstown,21.9758803723,21975880.3723,28068.6184764,28.0686184764,222
1109,NEWBUILDINGS,WARDS 1993,1:50000,Cookstown,2.17117013657,2171170.13657,7636.30218521,7.63630218521,223
1110,OAKLANDS,WARDS 1993,1:50000,Cookstown,52.840012981,52840012.981,41504.8717952,41.5048717952,224
1111,OLDTOWN,WARDS 1993,1:50000,Cookstown,0.81390271867,813902.71867,4805.38428645,4.80538428645,225
1112,POMEROY,WARDS 1993,1:50000,Cookstown,38.9521037929,38952103.7929,32675.5083434,32.6755083434,226
1113,SANDHOLES,WARDS 1993,1:50000,Cookstown,40.14444875,40144448.75,35284.8008967,35.2848008967,227
1114,STEWARTSTOWN,WARDS 1993,1:50000,Cookstown,42.7024578481,42702457.8481,36592.754976,36.592754976,228
1115,THE LOOP,WARDS 1993,1:50000,Cookstown,60.9883593099,60988359.3099,37214.7768424,37.2147768424,229
1116,TULLAGH,WARDS 1993,1:50000,Cookstown,1.10444642763,1104446.42763,5848.43412403,5.84843412403,230
1201,AGHAGALLON,WARDS 1993,1:50000,Craigavon,99.1854481894,99185448.1894,48445.6167755,48.4456167755,231
1202,ANNAGH,WARDS 1993,1:50000,Craigavon,9.45185501234,9451855.01234,17257.1477874,17.2571477874,232
1203,BALLYBAY,WARDS 1993,1:50000,Craigavon,6.58358413341,6583584.13341,14020.5873513,14.0205873513,233
1204,BALLYORAN,WARDS 1993,1:50000,Craigavon,9.76169330463,9761693.30463,14514.632463,14.514632463,234
1205,BLEARY,WARDS 1993,1:50000,Craigavon,17.4694894703,17469489.4703,27492.4258161,27.4924258161,235
1206,BROWNSTOWN,WARDS 1993,1:50000,Craigavon,7.42530523564,7425305.23564,13533.1718384,13.5331718384,236
1207,CHURCH,WARDS 1993,1:50000,Craigavon,0.562495144975,562495.144975,3288.30208652,3.28830208652,237
1208,CORCRAIN,WARDS 1993,1:50000,Craigavon,1.10321416261,1103214.16261,4926.13991705,4.92613991705,238
1209,COURT,WARDS 1993,1:50000,Craigavon,1.29122264563,1291222.64563,5402.94120072,5.40294120072,239
1210,DRUMNAMOE,WARDS 1993,1:50000,Craigavon,0.41310201613,413102.01613,2442.44133148,2.44244133148,240
1211,DRUMGASK,WARDS 1993,1:50000,Craigavon,2.86800594538,2868005.94538,9378.10274942,9.37810274942,241
1212,DRUMGOR,WARDS 1993,1:50000,Craigavon,3.0538952333,3053895.2333,11075.8803851,11.0758803851,242
1213,EDENDERRY,WARDS 1993,1:50000,Craigavon,1.7376377896,1737637.7896,5858.72780414,5.85872780414,243
1214,KERNAN,WARDS 1993,1:50000,Craigavon,16.9717615208,16971761.5208,24534.1435935,24.5341435935,244
1215,KILLYCOMAIN,WARDS 1993,1:50000,Craigavon,0.911968345914,911968.345914,4792.59061619,4.79259061619,245
1217,KNOCKNASHANE,WARDS 1993,1:50000,Craigavon,1.9924823146,1992482.3146,6528.19158805,6.52819158805,246
1218,MAGHERALIN,WARDS 1993,1:50000,Craigavon,17.8878128167,17887812.8167,25891.9415458,25.8919415458,247
1219,MOURNEVIEW,WARDS 1993,1:50000,Craigavon,0.713712820925,713712.820925,3860.55431497,3.86055431497,248
1220,PARKLAKE,WARDS 1993,1:50000,Craigavon,2.7988796678,2798879.6678,7393.25534824,7.39325534824,249
1221,TAGHNEVAN,WARDS 1993,1:50000,Craigavon,1.10715756836,1107157.56836,5813.53747187,5.81353747187,250
1222,TAVANAGH,WARDS 1993,1:50000,Craigavon,0.522893284922,522893.284922,3586.37916728,3.58637916728,251
1223,THE BIRCHES,WARDS 1993,1:50000,Craigavon,56.1706513108,56170651.3108,45743.1182262,45.7431182262,252
1225,WARINGSTOWN,WARDS 1993,1:50000,Craigavon,11.6907687404,11690768.7404,18098.8010255,18.0988010255,253
1226,WOODVILLE,WARDS 1993,1:50000,Craigavon,1.38598804739,1385988.04739,6155.98560692,6.15598560692,254
1228,DERRYTRASNA,WARDS 1993,1:50000,Craigavon,71.6783517521,71678351.7521,40593.0668384,40.5930668384,255
1229,DONAGHCLONEY,WARDS 1993,1:50000,Craigavon,33.4845952823,33484595.2823,41171.7570023,41.1717570023,256
1303,BALLYMAGLAVE,WARDS 1993,1:50000,Down,5.21608531937,5216085.31937,17360.1185816,17.3601185816,257
1304,BALLYNAHINCH EAST,WARDS 1993,1:50000,Down,2.07539044812,2075390.44812,6693.59256898,6.69359256898,258
1307,CROSSGAR,WARDS 1993,1:50000,Down,32.6701774557,32670177.4557,32078.8254588,32.0788254588,259
1308,DERRYBOY,WARDS 1993,1:50000,Down,74.8048111369,74804811.1369,52368.1573156,52.3681573156,260
1310,DRUMANESS,WARDS 1993,1:50000,Down,35.3054388375,35305438.8375,33132.8357092,33.1328357092,261
1312,DUNMORE,WARDS 1993,1:50000,Down,45.7363659424,45736365.9424,43516.0483951,43.5160483951,262
1315,KILLYLEAGH,WARDS 1993,1:50000,Down,10.8001795694,10800179.5694,16414.8828031,16.4148828031,263
1316,KILMORE,WARDS 1993,1:50000,Down,60.5867882656,60586788.2656,42289.2217665,42.2892217665,264
1319,SAINTFIELD,WARDS 1993,1:50000,Down,13.9032104996,13903210.4996,19683.6704378,19.6836704378,265
1401,ALTMORE,WARDS 1993,1:50000,Dungannon,60.4446197062,60444619.7062,45263.0368471,45.2630368471,266
1402,AUGHER,WARDS 1993,1:50000,Dungannon,71.998999345,71998999.345,51155.5928433,51.1555928433,267
1403,AUGHNACLOY,WARDS 1993,1:50000,Dungannon,70.17399296,70173992.96,50452.8309596,50.4528309596,268
1404,BALLYGAWLEY,WARDS 1993,1:50000,Dungannon,57.2140693361,57214069.3361,46697.7310655,46.6977310655,269
1405,BALLYSAGGART,WARDS 1993,1:50000,Dungannon,2.58652800291,2586528.00291,8198.3295857,8.1983295857,270
1406,BENBURB,WARDS 1993,1:50000,Dungannon,40.6863776592,40686377.6592,42657.3620258,42.6573620258,271
1407,CALEDON,WARDS 1993,1:50000,Dungannon,80.6866997571,80686699.7571,56377.0600741,56.3770600741,272
1408,CASTLECAULFIELD,WARDS 1993,1:50000,Dungannon,39.1215355757,39121535.5757,37339.6919651,37.3396919651,273
1409,CLOGHER,WARDS 1993,1:50000,Dungannon,104.419502019,104419502.019,64842.170857,64.842170857,274
1410,COALISLAND NORTH,WARDS 1993,1:50000,Dungannon,11.122388674,11122388.674,18223.2352002,18.2232352002,275
1411,COALISLAND SOUTH,WARDS 1993,1:50000,Dungannon,4.14247120131,4142471.20131,11748.4696743,11.7484696743,276
1412,COALISLAND WEST AND NEWMILLS,WARDS 1993,1:50000,Dungannon,9.15039223778,9150392.23778,15167.1276035,15.1671276035,277
1413,COOLHILL,WARDS 1993,1:50000,Dungannon,2.28723437056,2287234.37056,7741.71408957,7.74171408957,278
1414,DONAGHMORE,WARDS 1993,1:50000,Dungannon,27.5081481052,27508148.1052,36270.2514778,36.2702514778,279
1415,DRUMGLASS,WARDS 1993,1:50000,Dungannon,4.69330423672,4693304.23672,11150.1724261,11.1501724261,280
1416,FIVEMILETOWN,WARDS 1993,1:50000,Dungannon,77.9763176194,77976317.6194,53856.8539163,53.8568539163,281
1418,KILLYMAN,WARDS 1993,1:50000,Dungannon,35.2539530264,35253953.0264,37971.4988788,37.9714988788,282
1419,KILLYMEAL,WARDS 1993,1:50000,Dungannon,6.08910127754,6089101.27754,13978.498558,13.978498558,283
1420,MOY,WARDS 1993,1:50000,Dungannon,26.4791668398,26479166.8398,30139.8710383,30.1398710383,284
1421,MOYGASHEL,WARDS 1993,1:50000,Dungannon,6.08701633288,6087016.33288,14463.8958246,14.4638958246,285
1422,MULLAGHMORE,WARDS 1993,1:50000,Dungannon,4.08778934712,4087789.34712,10636.2401236,10.6362401236,286
1423,WASHING BAY,WARDS 1993,1:50000,Dungannon,41.0004618408,41000461.8408,30898.32331,30.89832331,287
1501,BALLINAMALLARD,WARDS 1993,1:50000,Fermanagh,44.6658564703,44665856.4703,44973.4787726,44.9734787726,288
1502,BELCOO AND GARRISON,WARDS 1993,1:50000,Fermanagh,202.827199391,202827199.391,100722.414152,100.722414152,289
1503,BELLEEK AND BOA,WARDS 1993,1:50000,Fermanagh,173.060241794,173060241.794,95493.8898404,95.4938898404,290
1507,DERRYGONNELLY,WARDS 1993,1:50000,Fermanagh,160.584342857,160584342.857,79107.3002087,79.1073002087,291
1514,IRVINESTOWN,WARDS 1993,1:50000,Fermanagh,17.2658416557,17265841.6557,22464.6615037,22.4646615037,292
1523,TEMPO,WARDS 1993,1:50000,Fermanagh,90.7431715982,90743171.5982,57944.2235398,57.9442235398,293
1525,"KESH, EDERNEY and LACK",WARDS 1993,1:50000,Fermanagh,112.810985131,112810985.131,61074.026963,61.074026963,294
1526,LISNARRICK,WARDS 1993,1:50000,Fermanagh,71.9274827056,71927482.7056,47118.5004891,47.1185004891,295
1601,ANTIVILLE,WARDS 1993,1:50000,Larne,0.610461042499,610461.042499,4262.39796101,4.26239796101,296
1602,BALLYCARRY,WARDS 1993,1:50000,Larne,33.366944554,33366944.554,28964.9454248,28.9649454248,297
1603,BALLYLORAN,WARDS 1993,1:50000,Larne,0.29482086345,294820.86345,3031.73300663,3.03173300663,298
1604,BLACKCAVE,WARDS 1993,1:50000,Larne,0.910622398043,910622.398043,4703.686443,4.703686443,299
1605,CARNCASTLE,WARDS 1993,1:50000,Larne,9.0780467148,9078046.7148,18234.7114055,18.2347114055,300
1606,CARNLOUGH,WARDS 1993,1:50000,Larne,58.2732595232,58273259.5232,41567.9829327,41.5679829327,301
1608,CRAIGY HILL,WARDS 1993,1:50000,Larne,0.277484468999,277484.468999,2271.80571264,2.27180571264,302
1609,GARDENMORE,WARDS 1993,1:50000,Larne,1.21206166879,1212061.66879,5389.17177796,5.38917177796,303
1610,GLENARM,WARDS 1993,1:50000,Larne,107.191879333,107191879.333,54709.4279008,54.7094279008,304
1611,GLYNN,WARDS 1993,1:50000,Larne,35.0498347121,35049834.7121,33073.9420783,33.0739420783,305
1612,HARBOUR,WARDS 1993,1:50000,Larne,3.13266435096,3132664.35096,11531.5544116,11.5315544116,306
1613,ISLAND MAGEE,WARDS 1993,1:50000,Larne,31.7390273265,31739027.3265,30444.1979292,30.4441979292,307
1614,KILWAUGHTER,WARDS 1993,1:50000,Larne,65.8724796844,65872479.6844,49915.3753461,49.9153753461,308
1615,TOWN PARKS,WARDS 1993,1:50000,Larne,0.448688509461,448688.509461,3160.42052504,3.16042052504,309
1616,CENTRAL,WARDS 1993,1:50000,Larne,1.01677504982,1016775.04982,6246.25740233,6.24625740233,310
1701,AGHANLOO,WARDS 1993,1:50000,Limavady,76.1302697486,76130269.7486,39393.9222962,39.3939222962,311
1702,BALLYKELLY,WARDS 1993,1:50000,Limavady,20.4843369406,20484336.9406,30855.6430475,30.8556430475,312
1703,ENAGH,WARDS 1993,1:50000,Limavady,0.740026024657,740026.024657,4298.5527426,4.2985527426,313
1704,COOLESSAN,WARDS 1993,1:50000,Limavady,0.83034353747,830343.53747,4323.07317168,4.32307317168,314
1705,DUNGIVEN,WARDS 1993,1:50000,Limavady,2.37831471935,2378314.71935,8831.73667504,8.83173667504,315
1707,FEENY,WARDS 1993,1:50000,Limavady,94.4987098654,94498709.8654,64514.6400685,64.5146400685,316
1708,FOREST,WARDS 1993,1:50000,Limavady,38.8912770201,38891277.0201,38558.4970351,38.5584970351,317
1709,GLACK,WARDS 1993,1:50000,Limavady,56.1240684933,56124068.4933,41639.1808985,41.6391808985,318
1710,GRESTEEL,WARDS 1993,1:50000,Limavady,19.478957148,19478957.148,32753.4937676,32.7534937676,319
1711,MAGILLIGAN,WARDS 1993,1:50000,Limavady,78.859520074,78859520.074,52539.1429545,52.5391429545,320
1712,RATHBRADY,WARDS 1993,1:50000,Limavady,0.793886341301,793886.341301,4047.85236532,4.04785236532,321
1713,ROESIDE,WARDS 1993,1:50000,Limavady,1.34195062104,1341950.62104,6622.73163879,6.62273163879,322
1714,THE HIGHLANDS,WARDS 1993,1:50000,Limavady,57.3281691039,57328169.1039,48834.3426146,48.8343426146,323
1715,UPPER GLENSHANE,WARDS 1993,1:50000,Limavady,138.162702329,138162702.329,63161.7387506,63.1617387506,324
1717,GREYSTONE,WARDS 1993,1:50000,Limavady,0.300866694577,300866.694577,3021.98801681,3.02198801681,325
1801,BALLYMACASH,WARDS 1993,1:50000,Lisburn,1.90241732668,1902417.32668,7608.96941889,7.60896941889,326
1802,BALLYMACBRENNAN,WARDS 1993,1:50000,Lisburn,69.9382845654,69938284.5654,46622.5884352,46.6225884352,327
1803,BALLYMACOSS,WARDS 1993,1:50000,Lisburn,14.0807103588,14080710.3588,20086.7570603,20.0867570603,328
1804,BLARIS,WARDS 1993,1:50000,Lisburn,8.80290218413,8802902.18413,16228.1886907,16.2281886907,329
1805,COLLIN GLEN,WARDS 1993,1:50000,Lisburn,9.34774739231,9347747.39231,17586.0286686,17.5860286686,330
1806,DERRYAGHY,WARDS 1993,1:50000,Lisburn,5.11776162989,5117761.62989,11934.5583626,11.9345583626,331
1807,DROMARA,WARDS 1993,1:50000,Lisburn,45.251025022,45251025.022,38271.2205352,38.2712205352,332
1808,DRUMBO,WARDS 1993,1:50000,Lisburn,25.148839913,25148839.913,28906.0364877,28.9060364877,333
1809,DUNMURRY,WARDS 1993,1:50000,Lisburn,1.45486022915,1454860.22915,6117.85849636,6.11785849636,334
1810,GLENAVY,WARDS 1993,1:50000,Lisburn,78.5463394176,78546339.4176,61095.8994994,61.0958994994,335
1811,HARMONY HILL,WARDS 1993,1:50000,Lisburn,0.926834210347,926834.210347,5530.38864755,5.53038864755,336
1812,HILDEN,WARDS 1993,1:50000,Lisburn,1.07058894279,1070588.94279,5605.79614765,5.60579614765,337
1813,HILLHALL,WARDS 1993,1:50000,Lisburn,6.81342541882,6813425.41882,13799.1527592,13.7991527592,338
1814,HILLSBOROUGH,WARDS 1993,1:50000,Lisburn,29.9060856075,29906085.6075,32499.292616,32.499292616,339
1815,KILWEE,WARDS 1993,1:50000,Lisburn,0.984152333828,984152.333828,4306.45699747,4.30645699747,340
1816,KNOCKMORE,WARDS 1993,1:50000,Lisburn,4.34777139903,4347771.39903,12644.6693904,12.6446693904,341
1817,LAGAN VALLEY,WARDS 1993,1:50000,Lisburn,1.05644502715,1056445.02715,5366.27779868,5.36627779868,342
1818,LAMBEG,WARDS 1993,1:50000,Lisburn,4.16260864612,4162608.64612,10036.6802693,10.0366802693,343
1819,LISNAGARVY,WARDS 1993,1:50000,Lisburn,0.708356198397,708356.198397,4490.3570323,4.4903570323,344
1821,MAGHERALAVE,WARDS 1993,1:50000,Lisburn,1.74577853035,1745778.53035,6548.44948662,6.54844948662,345
1822,MAZE,WARDS 1993,1:50000,Lisburn,15.8163039304,15816303.9304,23769.6752448,23.7696752448,346
1823,MOIRA,WARDS 1993,1:50000,Lisburn,17.3966512839,17396651.2839,30617.5508157,30.6175508157,347
1824,OLD WARREN,WARDS 1993,1:50000,Lisburn,0.740713603529,740713.603529,4387.42653775,4.38742653775,348
1825,SEYMOUR HILL,WARDS 1993,1:50000,Lisburn,0.923478119509,923478.119509,4633.48542506,4.63348542506,349
1826,TONAGH,WARDS 1993,1:50000,Lisburn,0.494334421355,494334.421355,3959.75556717,3.95975556717,350
1827,TWINBROOK,WARDS 1993,1:50000,Lisburn,0.578638569397,578638.569397,3158.8908652,3.1588908652,351
1828,WALLACE PARK,WARDS 1993,1:50000,Lisburn,1.72149492774,1721494.92774,5577.89546091,5.57789546091,352
1830,BALLINDERRY,WARDS 1993,1:50000,Lisburn,57.7326134697,57732613.4697,45717.5603049,45.7175603049,353
1831,MAGHABERRY,WARDS 1993,1:50000,Lisburn,39.2006003823,39200600.3823,38026.391189,38.026391189,354
1832,POLEGLASS,WARDS 1993,1:50000,Lisburn,0.775439079254,775439.079254,3566.11344838,3.56611344838,355
1901,ALTNAGELVIN,WARDS 1993,1:50000,Derry,3.17862211459,3178622.11459,9518.21313682,9.51821313682,356
1902,BALLYNASHALLOG,WARDS 1993,1:50000,Derry,2.7808033161,2780803.3161,9346.03013708,9.34603013708,357
1903,BANAGHER,WARDS 1993,1:50000,Derry,121.139226705,121139226.705,65371.9398681,65.3719398681,358
1904,BEECHWOOD,WARDS 1993,1:50000,Derry,0.409872144578,409872.144578,3193.89322801,3.19389322801,359
1905,BRANDYWELL,WARDS 1993,1:50000,Derry,0.663761949191,663761.949191,4723.80730053,4.72380730053,360
1906,CARN HILL,WARDS 1993,1:50000,Derry,0.929401254452,929401.254452,4732.4996503,4.7324996503,361
1907,CAW,WARDS 1993,1:50000,Derry,1.25209799914,1252097.99914,6835.999688,6.835999688,362
1908,CLAUDY,WARDS 1993,1:50000,Derry,82.6705326229,82670532.6229,49477.4182254,49.4774182254,363
1909,CLONDERMOT,WARDS 1993,1:50000,Derry,1.19102815213,1191028.15213,6079.28234376,6.07928234376,364
1910,VICTORIA,WARDS 1993,1:50000,Derry,0.994644411182,994644.411182,5784.69659223,5.78469659223,365
1911,CREGGAN CENTRAL,WARDS 1993,1:50000,Derry,0.970888554733,970888.554733,4667.95487205,4.66795487205,366
1912,CREGGAN SOUTH,WARDS 1993,1:50000,Derry,0.753037004191,753037.004191,3917.11015951,3.91711015951,367
1914,CULMORE,WARDS 1993,1:50000,Derry,9.71968807755,9719688.07755,18473.4814252,18.4734814252,368
1915,EBRINGTON,WARDS 1993,1:50000,Derry,1.56456647948,1564566.47948,5508.14449217,5.50814449217,369
1916,EGLINTON,WARDS 1993,1:50000,Derry,29.0999943891,29099994.3891,29295.1133925,29.2951133925,370
1917,ENAGH,WARDS 1993,1:50000,Derry,31.1458454952,31145845.4952,27937.1799358,27.9371799358,371
1920,LISNAGELVIN,WARDS 1993,1:50000,Derry,0.79760806653,797608.06653,4419.88939514,4.41988939514,372
1921,NEW BUILDINGS,WARDS 1993,1:50000,Derry,5.20030452301,5200304.52301,11627.9195478,11.6279195478,373
1922,PENNYBURN,WARDS 1993,1:50000,Derry,2.15346042802,2153460.42802,7217.85595289,7.21785595289,374
1923,ROSEMOUNT,WARDS 1993,1:50000,Derry,0.409347921473,409347.921473,3483.49992162,3.48349992162,375
1924,SHANTALLOW EAST,WARDS 1993,1:50000,Derry,0.413170357527,413170.357527,2864.39076628,2.86439076628,376
1925,SHANTALLOW WEST,WARDS 1993,1:50000,Derry,5.83605343433,5836053.43433,10598.30134,10.59830134,377
1927,STRAND,WARDS 1993,1:50000,Derry,1.21918546436,1219185.46436,5763.52732001,5.76352732001,378
1928,THE DIAMOND,WARDS 1993,1:50000,Derry,0.834131149813,834131.149813,4444.23320031,4.44423320031,379
1930,WESTLAND,WARDS 1993,1:50000,Derry,0.323424094608,323424.094608,3142.74000525,3.14274000525,380
1932,CREVAGH,WARDS 1993,1:50000,Derry,26.1114188204,26111418.8204,27540.1155208,27.5401155208,381
1933,FOYLE SPRINGS,WARDS 1993,1:50000,Derry,1.03579028945,1035790.28945,4226.55299407,4.22655299407,382
1934,HOLLY MOUNT,WARDS 1993,1:50000,Derry,52.7121189556,52712118.9556,43018.0246195,43.0180246195,383
1935,KILFENNAN,WARDS 1993,1:50000,Derry,0.807322075292,807322.075292,4283.01149716,4.28301149716,384
1936,SPRINGTOWN,WARDS 1993,1:50000,Derry,1.09358972444,1093589.72444,4759.16013244,4.75916013244,385
2001,BALLYMAGUIGAN,WARDS 1993,1:50000,Magherafelt,40.8701439752,40870143.9752,34436.5501914,34.4365501914,386
2002,BELLAGHY,WARDS 1993,1:50000,Magherafelt,28.1660836985,28166083.6985,24875.3718335,24.8753718335,387
2003,CASTLEDAWSON,WARDS 1993,1:50000,Magherafelt,14.692583145,14692583.145,21367.5968134,21.3675968134,388
2004,DRAPERSTOWN,WARDS 1993,1:50000,Magherafelt,52.6620314637,52662031.4637,44491.6441112,44.4916441112,389
2005,GULLADUFF,WARDS 1993,1:50000,Magherafelt,36.5203852889,36520385.2889,37609.03862,37.60903862,390
2006,KNOCKCLOGHRIM,WARDS 1993,1:50000,Magherafelt,41.2450636073,41245063.6073,43259.5640919,43.2595640919,391
2007,LECUMPHER,WARDS 1993,1:50000,Magherafelt,66.0935623155,66093562.3155,43071.0271102,43.0710271102,392
2008,LOWER GLENSHANE,WARDS 1993,1:50000,Magherafelt,82.0771874709,82077187.4709,54024.3456493,54.0243456493,393
2009,MAGHERA,WARDS 1993,1:50000,Magherafelt,1.95728752032,1957287.52032,7510.20348374,7.51020348374,394
2010,SWATRAGH,WARDS 1993,1:50000,Magherafelt,68.8758488187,68875848.8187,47721.6069844,47.7216069844,395
2011,TOBERMORE,WARDS 1993,1:50000,Magherafelt,60.4580744651,60458074.4651,49775.2986454,49.7752986454,396
2012,TOWN PARKS EAST,WARDS 1993,1:50000,Magherafelt,1.15893797055,1158937.97055,5882.22521988,5.88222521988,397
2013,TOWN PARKS WEST,WARDS 1993,1:50000,Magherafelt,1.62599941548,1625999.41548,7869.86888115,7.86986888115,398
2014,UPPERLANDS,WARDS 1993,1:50000,Magherafelt,37.3548229908,37354822.9908,36088.9904333,36.0889904333,399
2015,GLEBE,WARDS 1993,1:50000,Magherafelt,1.9985506281,1998550.6281,7964.3880332,7.9643880332,400
2016,VALLEY,WARDS 1993,1:50000,Magherafelt,36.6346380703,36634638.0703,32182.6756959,32.1826756959,401
2101,ARMOY,WARDS 1993,1:50000,Moyle,27.9587310226,27958731.0226,27731.6220301,27.7316220301,402
2102,BALLYLOUGH,WARDS 1993,1:50000,Moyle,12.5169425659,12516942.5659,18200.6396603,18.2006396603,403
2104,BUSHMILLS,WARDS 1993,1:50000,Moyle,8.50262065091,8502620.65091,22584.9465963,22.5849465963,404
2105,CARNMOON,WARDS 1993,1:50000,Moyle,30.8801784857,30880178.4857,32645.340129,32.645340129,405
2106,DALRIADA,WARDS 1993,1:50000,Moyle,0.832587070681,832587.070681,4443.25896924,4.44325896924,406
2103,BONAMARGY AND RATHLIN,WARDS 1993,1:50000,Moyle,16.669796725,16669796.725,38335.7035782,38.3357035782,407
2107,DUNSEVERICK,WARDS 1993,1:50000,Moyle,37.3894033793,37389403.3793,38488.0244052,38.4880244052,408
2108,GLENAAN,WARDS 1993,1:50000,Moyle,15.9383703724,15938370.3724,20888.3273736,20.8883273736,409
2109,GLENARIFF,WARDS 1993,1:50000,Moyle,53.0267639553,53026763.9553,40463.0481826,40.4630481826,410
2110,GLENDUN,WARDS 1993,1:50000,Moyle,89.1907124069,89190712.4069,44403.5480101,44.4035480101,411
2111,GLENSHESK,WARDS 1993,1:50000,Moyle,120.815341489,120815341.489,66219.4420245,66.2194420245,412
2112,GLENTAISIE,WARDS 1993,1:50000,Moyle,0.61982832339,619828.32339,4115.69808353,4.11569808353,413
2113,KINBANE,WARDS 1993,1:50000,Moyle,38.389693077,38389693.077,34533.9085574,34.5339085574,414
2114,KNOCKLAYD,WARDS 1993,1:50000,Moyle,1.64418992239,1644189.92239,6452.47997512,6.45247997512,415
2115,MOSS-SIDE AND MOYARGET,WARDS 1993,1:50000,Moyle,39.8864026996,39886402.6996,37040.2910199,37.0402910199,416
2301,ABBEY,WARDS 1993,1:50000,Newtownabbey,1.88238338194,1882383.38194,9279.68747188,9.27968747188,417
2302,BALLYCLARE NORTH,WARDS 1993,1:50000,Newtownabbey,1.78564238437,1785642.38437,7673.81375987,7.67381375987,418
2303,BALLYCLARE SOUTH,WARDS 1993,1:50000,Newtownabbey,1.77583499587,1775834.99587,7410.91736851,7.41091736851,419
2304,BALLYDUFF,WARDS 1993,1:50000,Newtownabbey,0.517961556676,517961.556676,3156.53298443,3.15653298443,420
2305,BALLYHENRY,WARDS 1993,1:50000,Newtownabbey,0.890684759091,890684.759091,5242.24144427,5.24224144427,421
2306,BALLYNURE,WARDS 1993,1:50000,Newtownabbey,45.4037771121,45403777.1121,46134.1746813,46.1341746813,422
2308,BURNTHILL,WARDS 1993,1:50000,Newtownabbey,0.478539498192,478539.498192,2994.81825147,2.99481825147,423
2309,CARNMONEY,WARDS 1993,1:50000,Newtownabbey,0.857471993791,857471.993791,5403.63142457,5.40363142457,424
2310,CLOUGHFERN,WARDS 1993,1:50000,Newtownabbey,3.29756188956,3297561.88956,8029.02035109,8.02902035109,425
2311,COLLINBRIDGE,WARDS 1993,1:50000,Newtownabbey,4.47827083738,4478270.83738,9320.55643994,9.32055643994,426
2312,COOLE,WARDS 1993,1:50000,Newtownabbey,0.491877833031,491877.833031,3004.03607782,3.00403607782,427
2313,DOAGH,WARDS 1993,1:50000,Newtownabbey,27.0601629208,27060162.9208,28957.8628241,28.9578628241,428
2314,DUNANNEY,WARDS 1993,1:50000,Newtownabbey,0.662261552259,662261.552259,3969.63369281,3.96963369281,429
2315,GLEBE,WARDS 1993,1:50000,Newtownabbey,0.879709578729,879709.578729,5173.88449207,5.17388449207,430
2316,GLENGORMLEY,WARDS 1993,1:50000,Newtownabbey,0.507265460469,507265.460469,4406.76569342,4.40676569342,431
2317,HAWTHORNE,WARDS 1993,1:50000,Newtownabbey,0.738902317512,738902.317512,4076.90288092,4.07690288092,432
2318,HIGHTOWN,WARDS 1993,1:50000,Newtownabbey,0.574471055535,574471.055535,3585.88558284,3.58588558284,433
2319,JORDANSTOWN,WARDS 1993,1:50000,Newtownabbey,1.8763797109,1876379.7109,8275.87322299,8.27587322299,434
2320,MALLUSK,WARDS 1993,1:50000,Newtownabbey,23.6381735693,23638173.5693,23299.9987434,23.2999987434,435
2321,MONKSTOWN,WARDS 1993,1:50000,Newtownabbey,1.44722272769,1447222.72769,5783.31966928,5.78331966928,436
2322,MOSSLEY,WARDS 1993,1:50000,Newtownabbey,1.43278783912,1432787.83912,5931.20670833,5.93120670833,437
2323,ROSTULLA,WARDS 1993,1:50000,Newtownabbey,1.94069636283,1940696.36283,6093.53573319,6.09353573319,438
2324,VALLEY,WARDS 1993,1:50000,Newtownabbey,1.90858136692,1908581.36692,8034.68594532,8.03468594532,439
2325,WHITEHOUSE,WARDS 1993,1:50000,Newtownabbey,0.715819725827,715819.725827,4015.3520185,4.0153520185,440
2327,BALLYROBERT,WARDS 1993,1:50000,Newtownabbey,25.4467001141,25446700.1141,26929.6415035,26.9296415035,441
2401,BALLYHOLME,WARDS 1993,1:50000,North Down,0.79049148141,790491.48141,5573.63490401,5.57363490401,442
2402,BALLYMACONNELL,WARDS 1993,1:50000,North Down,2.24888411959,2248884.11959,7246.14924351,7.24614924351,443
2403,BALLYMAGEE,WARDS 1993,1:50000,North Down,0.752933139791,752933.139791,4071.80553569,4.07180553569,444
2404,BANGOR CASTLE,WARDS 1993,1:50000,North Down,1.671070534,1671070.534,5709.40041998,5.70940041998,445
2406,BROADWAY,WARDS 1993,1:50000,North Down,1.12615581686,1126155.81686,4688.60515587,4.68860515587,446
2407,BRYANSBURN,WARDS 1993,1:50000,North Down,0.679181981777,679181.981777,4476.24443871,4.47624443871,447
2408,CHURCHILL,WARDS 1993,1:50000,North Down,0.807311566866,807311.566866,4908.01822016,4.90801822016,448
2409,CLANDEBOYE,WARDS 1993,1:50000,North Down,6.67150144085,6671501.44085,12384.6022086,12.3846022086,449
2410,CONLIG,WARDS 1993,1:50000,North Down,9.00970906172,9009709.06172,17106.4127774,17.1064127774,450
2411,CRAIGAVAD,WARDS 1993,1:50000,North Down,19.2746622935,19274662.2935,23301.1802788,23.3011802788,451
2412,CRAWFORDSBURN,WARDS 1993,1:50000,North Down,6.40427893537,6404278.93537,12991.4338323,12.9914338323,452
2413,CULTRA,WARDS 1993,1:50000,North Down,6.48728733607,6487287.33607,13406.017636,13.406017636,453
2414,DUFFERIN,WARDS 1993,1:50000,North Down,0.84134470801,841344.70801,4284.63932328,4.28463932328,454
2415,GROOMSPORT,WARDS 1993,1:50000,North Down,7.28335388141,7283353.88141,17163.5727036,17.1635727036,455
2416,HARBOUR,WARDS 1993,1:50000,North Down,0.714112183153,714112.183153,4986.99166356,4.98699166356,456
2417,HOLYWOOD DEMESNE,WARDS 1993,1:50000,North Down,1.80092152026,1800921.52026,8633.22378082,8.63322378082,457
2418,HOLYWOOD PRIORY,WARDS 1993,1:50000,North Down,4.50499782556,4504997.82556,11497.166601,11.497166601,458
2419,LOUGHVIEW,WARDS 1993,1:50000,North Down,3.38821155831,3388211.55831,11222.9704877,11.2229704877,459
2420,PRINCETOWN,WARDS 1993,1:50000,North Down,1.55793513987,1557935.13987,6270.42614245,6.27042614245,460
2421,RATHGAEL,WARDS 1993,1:50000,North Down,0.511379014026,511379.014026,3728.89777504,3.72889777504,461
2422,SILVERSTREAM,WARDS 1993,1:50000,North Down,0.542417373092,542417.373092,3075.6642505,3.0756642505,462
2423,SPRING HILL,WARDS 1993,1:50000,North Down,1.00735639709,1007356.39709,4621.91588809,4.62191588809,463
2424,WHITEHILL,WARDS 1993,1:50000,North Down,0.441439699003,441439.699003,3360.24599256,3.36024599256,464
2425,BLOOMFIELD,WARDS 1993,1:50000,North Down,1.45479279118,1454792.79118,5712.36273287,5.71236273287,465
2426,BALLYCROCHAN,WARDS 1993,1:50000,North Down,1.56879885593,1568798.85593,7022.55436437,7.02255436437,466
2501,BERAGH,WARDS 1993,1:50000,Omagh,60.9449730765,60944973.0765,46554.0231572,46.5540231572,467
2502,CAMOWEN,WARDS 1993,1:50000,Omagh,1.76336331137,1763363.31137,7600.66780062,7.60066780062,468
2503,CLANABOGAN,WARDS 1993,1:50000,Omagh,87.8074553126,87807455.3126,56927.762125,56.927762125,469
2504,COOLNAGARD,WARDS 1993,1:50000,Omagh,2.22834141155,2228341.41155,7412.72453407,7.41272453407,470
2505,DERGMONEY,WARDS 1993,1:50000,Omagh,1.39768649618,1397686.49618,6418.21990227,6.41821990227,471
2506,DROMORE,WARDS 1993,1:50000,Omagh,40.2725178616,40272517.8616,40555.3741065,40.5553741065,472
2507,DRUMNAKILLY,WARDS 1993,1:50000,Omagh,73.395346938,73395346.938,51886.0441644,51.8860441644,473
2508,DRUMQUIN,WARDS 1993,1:50000,Omagh,133.172947702,133172947.702,74318.0338891,74.3180338891,474
2509,DRUMRAGH,WARDS 1993,1:50000,Omagh,4.0547662388,4054766.2388,11401.1702885,11.4011702885,475
2510,FAIRY WATER,WARDS 1993,1:50000,Omagh,94.1345865856,94134586.5856,53212.9903071,53.2129903071,476
2511,FINTONA,WARDS 1993,1:50000,Omagh,38.7059758417,38705975.8417,36499.9134878,36.4999134878,477
2512,GORTIN,WARDS 1993,1:50000,Omagh,90.4281108225,90428110.8225,53549.6417082,53.5496417082,478
2513,GORTRUSH,WARDS 1993,1:50000,Omagh,2.3877716567,2387771.6567,8740.26916252,8.74026916252,479
2514,KILLYCLOGHER,WARDS 1993,1:50000,Omagh,2.17528267848,2175282.67848,8838.949216,8.838949216,480
2515,LISANELLY,WARDS 1993,1:50000,Omagh,1.82544247711,1825442.47711,8313.61017986,8.31361017986,481
2516,NEWTOWNSAVILLE,WARDS 1993,1:50000,Omagh,71.5376888405,71537688.8405,53422.8337484,53.4228337484,482
2517,OWENKILLEW,WARDS 1993,1:50000,Omagh,174.980646326,174980646.326,64363.8712382,64.3638712382,483
2518,SIXMILECROSS,WARDS 1993,1:50000,Omagh,78.5676855808,78567685.5808,55168.7360219,55.1687360219,484
2519,STRULE,WARDS 1993,1:50000,Omagh,1.72709139491,1727091.39491,8422.13229445,8.42213229445,485
2520,TERMON,WARDS 1993,1:50000,Omagh,84.4507761161,84450776.1161,53290.7226658,53.2907226658,486
2521,TRILLICK,WARDS 1993,1:50000,Omagh,83.9386459503,83938645.9503,49234.1580133,49.2341580133,487
2601,ARTIGARVAN,WARDS 1993,1:50000,Strabane,46.8139041854,46813904.1854,37104.4514717,37.1044514717,488
2606,FINN,WARDS 1993,1:50000,Strabane,38.1141254773,38114125.4773,41892.9964509,41.8929964509,489
2602,CASTLEDERG,WARDS 1993,1:50000,Strabane,5.44337234161,5443372.34161,14163.3337694,14.1633337694,490
2603,CLARE,WARDS 1993,1:50000,Strabane,89.6552907602,89655290.7602,58423.5103226,58.4235103226,491
2604,DUNNAMANAGH,WARDS 1993,1:50000,Strabane,94.3446822584,94344682.2584,60759.1039476,60.7591039476,492
2605,EAST,WARDS 1993,1:50000,Strabane,0.861029782134,861029.782134,5651.99390819,5.65199390819,493
2607,GLENDERG,WARDS 1993,1:50000,Strabane,170.941702358,170941702.358,76293.968323,76.293968323,494
2608,NEWTOWNSTEWART,WARDS 1993,1:50000,Strabane,47.550442069,47550442.069,36365.2878274,36.3652878274,495
2609,NORTH,WARDS 1993,1:50000,Strabane,4.78518779897,4785187.79897,10539.8881425,10.5398881425,496
2610,PLUMBRIDGE,WARDS 1993,1:50000,Strabane,205.020740705,205020740.705,97797.543802,97.797543802,497
2611,SION MILLS,WARDS 1993,1:50000,Strabane,6.94579534393,6945795.34393,16941.9237406,16.9419237406,498
2612,SLIEVEKIRK,WARDS 1993,1:50000,Strabane,66.0694040459,66069404.0459,43477.4048665,43.4774048665,499
2613,SOUTH,WARDS 1993,1:50000,Strabane,1.6790993148,1679099.3148,6152.92684836,6.15292684836,500
2614,VICTORIA BRIDGE,WARDS 1993,1:50000,Strabane,81.5418748923,81541874.8923,55203.2552231,55.2032552231,501
2615,WEST,WARDS 1993,1:50000,Strabane,1.30785051675,1307850.51675,5874.82204594,5.87482204594,502
2617,BALLYCOLMAN,WARDS 1993,1:50000,Strabane,0.574459846621,574459.846621,3329.57416391,3.32957416391,503
312,KILLEEN,WARDS 1993,1:50000,Armagh,62.3773420072,62377342.0072,50766.777249,50.766777249,504
313,KILLYLEA,WARDS 1993,1:50000,Armagh,63.9914277966,63991427.7966,46881.0983752,46.8810983752,505
314,LAURELVALE,WARDS 1993,1:50000,Armagh,15.1500693787,15150069.3787,26679.072033,26.679072033,506
316,MARKETHILL,WARDS 1993,1:50000,Armagh,31.8075950677,31807595.0677,32229.1256939,32.2291256939,507
317,MILFORD,WARDS 1993,1:50000,Armagh,44.275304542,44275304.542,38285.536034,38.285536034,508
318,OBSERVATORY,WARDS 1993,1:50000,Armagh,4.13215290112,4132152.90112,10405.2285431,10.4052285431,509
319,POYNTZ PASS,WARDS 1993,1:50000,Armagh,59.455583907,59455583.907,43520.8294269,43.5208294269,510
320,RICH HILL,WARDS 1993,1:50000,Armagh,5.07697425312,5076974.25312,11803.1239561,11.8031239561,511
322,THE MALL,WARDS 1993,1:50000,Armagh,1.18555528374,1185555.28374,5584.14935101,5.58414935101,512
601,BALLYDOWN,WARDS 1993,1:50000,Banbridge,7.9455338238,7945533.8238,14942.5772809,14.9425772809,513
602,BANBRIDGE WEST,WARDS 1993,1:50000,Banbridge,1.31865024361,1318650.24361,5370.24277205,5.37024277205,514
603,BANNSIDE,WARDS 1993,1:50000,Banbridge,71.1935384766,71193538.4766,49112.7541991,49.1127541991,515
607,EDENDERRY,WARDS 1993,1:50000,Banbridge,0.935228029362,935228.029362,6040.91723851,6.04091723851,516
608,FORT,WARDS 1993,1:50000,Banbridge,1.22674913721,1226749.13721,6276.29780553,6.27629780553,517
611,KATESBRIDGE,WARDS 1993,1:50000,Banbridge,71.8742835598,71874283.5598,50797.9543467,50.7979543467,518
613,LOUGHBRICKLAND,WARDS 1993,1:50000,Banbridge,41.9493494934,41949349.4934,32528.6422259,32.5286422259,519
615,SEAPATRICK,WARDS 1993,1:50000,Banbridge,3.88838059473,3888380.59473,8885.37893715,8.88537893715,520
617,BALLYWARD,WARDS 1993,1:50000,Banbridge,86.5326634367,86532663.4367,59282.8762157,59.2828762157,521
619,RATHFRILAND,WARDS 1993,1:50000,Banbridge,6.18522483108,6185224.83108,12788.7811934,12.7887811934,522
620,THE CUT,WARDS 1993,1:50000,Banbridge,0.735834144157,735834.144157,5204.0610513,5.2040610513,523
1302,AUDLEYS ACRE,WARDS 1993,1:50000,Down,1.82757633228,1827576.33228,6570.33345861,6.57033345861,524
1305,CASTLEWELLAN,WARDS 1993,1:50000,Down,23.1215525917,23121552.5917,31170.5047004,31.1705047004,525
1306,CATHEDRAL,WARDS 1993,1:50000,Down,5.56987252857,5569872.52857,13760.9301713,13.7609301713,526
1309,DONARD,WARDS 1993,1:50000,Down,10.1187004829,10118700.4829,15028.4407555,15.0284407555,527
1311,DUNDRUM,WARDS 1993,1:50000,Down,24.1563635844,24156363.5844,26686.8355604,26.6868355604,528
1314,KILLOUGH,WARDS 1993,1:50000,Down,58.6964325892,58696432.5892,51478.6788696,51.4786788696,529
1317,MURLOUGH,WARDS 1993,1:50000,Down,12.1439693316,12143969.3316,21268.1557719,21.2681557719,530
1318,QUOILE,WARDS 1993,1:50000,Down,12.5051508763,12505150.8763,20614.2453114,20.6142453114,531
1320,SEAFORDE,WARDS 1993,1:50000,Down,73.2926052769,73292605.2769,52262.9624034,52.2629624034,532
1321,SHIMNA,WARDS 1993,1:50000,Down,1.34025328441,1340253.28441,6036.3624419,6.0363624419,533
1322,STRANGFORD,WARDS 1993,1:50000,Down,78.4195967114,78419596.7114,49562.6750346,49.5626750346,534
1323,TOLLYMORE,WARDS 1993,1:50000,Down,69.0637549549,69063754.9549,45457.9278037,45.4579278037,535
1325,BALLYMOTE,WARDS 1993,1:50000,Down,3.64649743885,3646497.43885,10288.1440914,10.2881440914,536
1504,"BOHO, CLEENISH and LETTERBREEN",WARDS 1993,1:50000,Fermanagh,139.861651316,139861651.316,78675.807488,78.675807488,537
1505,BROOKEBOROUGH,WARDS 1993,1:50000,Fermanagh,123.972197434,123972197.434,75021.6030818,75.0216030818,538
1506,CASTLECOOLE,WARDS 1993,1:50000,Fermanagh,6.83627947611,6836279.47611,15790.3297082,15.7903297082,539
1508,DERRYLIN,WARDS 1993,1:50000,Fermanagh,105.675481197,105675481.197,54069.1136179,54.0691136179,540
1509,DEVENISH,WARDS 1993,1:50000,Fermanagh,4.28749113599,4287491.13599,12067.035101,12.067035101,541
1510,DONAGH,WARDS 1993,1:50000,Fermanagh,109.234842667,109234842.667,64714.6801175,64.7146801175,542
1512,ERNE,WARDS 1993,1:50000,Fermanagh,6.47172529879,6471725.29879,14453.9792507,14.4539792507,543
1513,FLORENCE COURT AND KINAWLEY,WARDS 1993,1:50000,Fermanagh,163.885896908,163885896.908,76567.0202211,76.5670202211,544
1517,LISBELLAW,WARDS 1993,1:50000,Fermanagh,52.1479007184,52147900.7184,42360.9652336,42.3609652336,545
1518,LISNASKEA,WARDS 1993,1:50000,Fermanagh,5.5632138987,5563213.8987,11330.9419235,11.3309419235,546
1519,MAGUIRES BRIDGE,WARDS 1993,1:50000,Fermanagh,88.7217959849,88721795.9849,57190.2188778,57.1902188778,547
1520,NEWTOWNBUTLER,WARDS 1993,1:50000,Fermanagh,90.9022296094,90902229.6094,85367.5477202,85.3675477202,548
1521,ROSSLEA,WARDS 1993,1:50000,Fermanagh,95.4426566089,95442656.6089,53397.4526817,53.3974526817,549
1522,ROSSORRY,WARDS 1993,1:50000,Fermanagh,5.7503154419,5750315.4419,14824.8996139,14.8248996139,550
1527,PORTORA,WARDS 1993,1:50000,Fermanagh,4.14236228336,4142362.28336,14189.8962908,14.1898962908,551
2201,ANNALONG,WARDS 1993,1:50000,Newry and Mourne,38.5343929292,38534392.9292,28441.8354612,28.4418354612,552
2202,BALLYBOT,WARDS 1993,1:50000,Newry and Mourne,1.3555035383,1355503.5383,6116.6166388,6.1166166388,553
2204,BESSBROOK,WARDS 1993,1:50000,Newry and Mourne,6.24249150484,6242491.50484,13927.0410191,13.9270410191,554
2205,BINNIAN,WARDS 1993,1:50000,Newry and Mourne,65.6046540643,65604654.0643,44298.3708177,44.2983708177,555
2206,CAMLOUGH,WARDS 1993,1:50000,Newry and Mourne,38.4126815626,38412681.5626,41820.5184433,41.8205184433,556
2207,CLONALLAN,WARDS 1993,1:50000,Newry and Mourne,2.64223261452,2642232.61452,10130.797021,10.130797021,557
2208,CREGGAN,WARDS 1993,1:50000,Newry and Mourne,60.0091252683,60009125.2683,49519.0778444,49.5190778444,558
2209,CROSSMAGLEN,WARDS 1993,1:50000,Newry and Mourne,18.3459341543,18345934.1543,21871.1492755,21.8711492755,559
2210,DAISY HILL,WARDS 1993,1:50000,Newry and Mourne,1.50719002551,1507190.02551,6320.7401064,6.3207401064,560
2211,DERRYMORE,WARDS 1993,1:50000,Newry and Mourne,7.39088040624,7390880.40624,12763.4536916,12.7634536916,561
2213,DRUMALANE,WARDS 1993,1:50000,Newry and Mourne,2.0166313313,2016631.3313,7013.57466614,7.01357466614,562
2214,DRUMGULLION,WARDS 1993,1:50000,Newry and Mourne,1.50784706006,1507847.06006,7047.47901192,7.04747901192,563
2215,FATHOM,WARDS 1993,1:50000,Newry and Mourne,26.4583528746,26458352.8746,28335.036313,28.335036313,564
2216,FORKHILL,WARDS 1993,1:50000,Newry and Mourne,43.8678777358,43867877.7358,34747.2700481,34.7472700481,565
2217,KILKEEL CENTRAL,WARDS 1993,1:50000,Newry and Mourne,6.27890315905,6278903.15905,16282.8672209,16.2828672209,566
2218,KILKEEL SOUTH,WARDS 1993,1:50000,Newry and Mourne,4.50051698598,4500516.98598,11336.3762527,11.3363762527,567
2219,LISNACREE,WARDS 1993,1:50000,Newry and Mourne,79.5252683699,79525268.3699,47488.2935792,47.4882935792,568
2220,MAYOBRIDGE,WARDS 1993,1:50000,Newry and Mourne,54.7814107209,54781410.7209,39529.7845387,39.5297845387,569
2221,NEWTOWNHAMILTON,WARDS 1993,1:50000,Newry and Mourne,77.3169451847,77316945.1847,48023.5406235,48.0235406235,570
2222,DONAGHMORE,WARDS 1993,1:50000,Newry and Mourne,65.947447955,65947447.955,50961.2181959,50.9612181959,571
2223,ROSTREVOR,WARDS 1993,1:50000,Newry and Mourne,32.3352047174,32335204.7174,31589.0422311,31.5890422311,572
2224,SEAVIEW,WARDS 1993,1:50000,Newry and Mourne,1.28834198647,1288341.98647,5955.29699396,5.95529699396,573
2225,SILVER BRIDGE,WARDS 1993,1:50000,Newry and Mourne,56.718599823,56718599.823,44801.7586571,44.8017586571,574
2226,SPELGA,WARDS 1993,1:50000,Newry and Mourne,79.0314667381,79031466.7381,44677.2955077,44.6772955077,575
2227,ST MARY'S,WARDS 1993,1:50000,Newry and Mourne,1.98906319976,1989063.19976,6561.12971858,6.56112971858,576
2228,ST PATRICK'S,WARDS 1993,1:50000,Newry and Mourne,1.62285101599,1622851.01599,6204.6027477,6.2046027477,577
2229,TULLYHAPPY,WARDS 1993,1:50000,Newry and Mourne,64.9347068816,64934706.8816,48776.8994423,48.7768994423,578
2230,WINDSOR HILL,WARDS 1993,1:50000,Newry and Mourne,1.56523254955,1565232.54955,7824.5278727,7.8245278727,579
2232,BURREN AND KILBRONEY,WARDS 1993,1:50000,Newry and Mourne,46.5210418349,46521041.8349,41564.0655332,41.5640655332,580
2233,DERRYLECKAGH,WARDS 1993,1:50000,Newry and Mourne,14.9157981072,14915798.1072,23681.2161105,23.6812161105,581
1301,ARDGLASS,WARDS 1993,1:50000,Down,35.0246361357,35024636.1357,42309.9420632,42.3099420632,582
