FID,AREA,PERIMETER,INDEX_,INDEX_ID,TILE,TILENUM
1001,16466655.349197,16382.130865958,1244,549,0879,879
1002,16466672.264399,16382.141148919,1245,499,0878,878
1003,16466638.751759,16382.12314386,1246,449,0877,877
1004,16466650.502837,16382.130643862,1247,400,0876,876
1005,16454927.705731,16375.493539819,1123,1152,0395,395
1006,16443000.753343,16368.750833071,1002,134,0982,982
1007,16466630.208706,16382.120637964,1248,351,0875,875
1008,16445477.656518,16370.153535658,1003,1517,0684,684
1009,16454945.765301,16375.503448819,1124,1100,0394,394
1010,16466626.495803,16382.119261051,1249,303,0874,874
1011,16445473.910329,16370.150941272,1004,1489,0583,583
1012,16445482.650796,16370.155319216,1005,1456,0490,490
1013,16454931.337636,16375.494974056,1125,1047,0393,393
1014,16466633.078132,16382.123582889,1250,255,0873,873
1015,16466616.398766,16382.11439964,1251,212,0872,872
1016,16454963.768311,16375.511945224,1126,991,0392,392
1017,16445492.991248,16370.159251868,1006,1418,0405,405
1018,16445505.767007,16370.165440254,1007,1380,0328,328
1019,16454959.988209,16375.508381229,1127,933,0391,391
1020,16469059.520194,16383.488044314,1252,997,1010,1010
1021,16445511.358443,16370.16843266,1008,1337,0259,259
1022,16454955.472704,16375.50524183,1128,875,0390,390
1023,16454944.515388,16375.500224555,1129,818,0389,389
1024,16469066.72781,16383.491601242,1253,939,1009,1009
1025,16445507.330198,16370.165199961,1009,1292,0198,198
1026,16469038.053019,16383.475700317,1254,881,1008,1008
1027,16454951.987328,16375.505535837,1130,761,0388,388
1028,16454936.307104,16375.496759504,1131,706,0387,387
1029,16469035.020171,16383.474280118,1255,824,1007,1007
1030,16445527.143142,16370.175412157,1010,1246,0145,145
1031,16469019.833642,16383.466822871,1256,767,1006,1006
1032,16445526.958458,16370.173998317,1011,1200,0144,144
1033,16454945.913389,16375.502215101,1132,651,0386,386
1034,16469019.0551,16383.46769801,1257,712,1005,1005
1035,16445545.886004,16370.182299443,1012,1148,0143,143
1036,16454944.212904,16375.502452779,1133,597,0385,385
1037,16469032.492297,16383.474378336,1258,657,1004,1004
1038,16454908.144789,16375.484109515,1134,544,0384,384
1039,16445562.382131,16370.190368578,1013,1096,0142,142
1040,16445563.85741,16370.19086732,1014,1043,0141,141
1041,16469014.413402,16383.464425581,1259,603,1003,1003
1042,16454921.776369,16375.49253657,1135,494,0383,383
1043,16469006.78056,16383.462177813,1260,550,1002,1002
1044,16445564.403205,16370.190768915,1015,987,0140,140
1045,16454899.31442,16375.48047946,1136,444,0382,382
1046,16445565.135352,16370.190641446,1016,929,0139,139
1047,16469006.131402,16383.462511986,1261,500,1001,1001
1048,16445579.21842,16370.198007261,1017,871,0138,138
1049,16454907.44301,16375.485930985,1137,395,0381,381
1050,16468986.447557,16383.452362915,1262,450,1000,1000
1051,16454898.198228,16375.481180423,1138,346,0462,462
1052,16445570.878659,16370.19478373,1018,814,0137,137
1053,16468991.549654,16383.455816357,1263,401,0999,999
1054,16468987.449162,16383.45395115,1264,352,0998,998
1055,16445547.017093,16370.182399515,1019,757,0136,136
1056,16454898.132787,16375.481847601,1139,298,0551,551
1057,16445573.745196,16370.19731429,1020,702,0135,135
1058,16468973.154996,16383.447553286,1265,304,0997,997
1059,16454888.295839,16375.47696095,1140,250,0648,648
1060,16445549.368046,16370.184822508,1021,647,0134,134
1061,16468970.69886,16383.446807416,1266,256,0996,996
1062,16445546.296833,16370.18423,1022,593,0133,133
1063,16454891.387132,16375.478933114,1141,207,0753,753
1064,16468969.795074,16383.446554169,1267,213,0995,995
1065,16457237.80945,16376.808361815,1142,1461,0485,485
1066,16445540.684496,16370.180904404,1023,540,0182,182
1067,16457239.078786,16376.808128027,1143,1423,0484,484
1068,16471415.9492,16384.820343848,1268,940,1140,1140
1069,16445541.078287,16370.182210571,1024,490,0239,239
1070,16471400.329711,16384.810955852,1269,882,1139,1139
1071,16457258.967545,16376.817393855,1144,1385,0483,483
1072,16445520.389301,16370.171175252,1025,440,0304,304
1073,16445539.899007,16370.182717934,1026,391,0377,377
1074,16471395.945631,16384.809687197,1270,825,1138,1138
1075,16457262.177701,16376.818383721,1145,1342,0482,482
1076,16445517.744446,16370.17192052,1027,342,0458,458
1077,16457248.925086,16376.81093454,1146,1297,0481,481
1078,16471372.780078,16384.797107848,1271,768,1137,1137
1079,16445504.110818,16370.164634681,1028,294,0547,547
1080,16471382.958011,16384.802956789,1272,713,1136,1136
1081,16457272.185044,16376.823088689,1147,1251,0480,480
1082,16445517.664674,16370.172903852,1029,246,0644,644
1083,16457279.010377,16376.825884035,1148,1205,0479,479
1084,16471373.976675,16384.799739417,1273,658,1135,1135
1085,16445496.982717,16370.161763271,1030,203,0749,749
1086,16457265.400813,16376.818029058,1149,1153,0478,478
1087,16471358.530004,16384.79188487,1274,604,1134,1134
1088,16457297.841272,16376.833882871,1150,1101,0477,477
1089,16445500.817553,16370.164134083,1031,167,0862,862
1090,16457299.397279,16376.833457466,1151,1048,0476,476
1091,16447810.939274,16371.475264763,1032,1541,0792,792
1092,16471366.951776,16384.796512719,1275,551,1133,1133
1093,16447822.238786,16371.481219194,1033,1518,0683,683
1094,16471356.885447,16384.791873791,1276,501,1132,1132
1095,16457311.051682,16376.840534689,1152,992,0475,475
1096,16447836.660052,16371.487648701,1034,1490,0582,582
1097,16471348.332577,16384.78767381,1277,451,1131,1131
1098,16457304.873862,16376.836199879,1153,934,0474,474
1099,16471335.533242,16384.782250263,1278,402,1130,1130
1100,16457298.282245,16376.831880754,1154,876,0473,473
1101,16447849.082063,16371.492886271,1035,1457,0489,489
1102,16447837.625572,16371.486712937,1036,1419,0404,404
1103,16471328.278616,16384.779266568,1279,353,1129,1129
1104,16447846.80331,16371.491119026,1037,1381,0327,327
1105,16471330.49788,16384.780913483,1280,305,1128,1128
1106,16457295.603616,16376.830659433,1155,819,0472,472
1107,16457302.772361,16376.834895368,1156,762,0471,471
1108,16447867.993453,16371.501298357,1038,1338,0258,258
1109,16471314.674882,16384.77323908,1281,257,1127,1127
1110,16447861.914711,16371.496714644,1039,1293,0197,197
1111,16457284.565135,16376.825971142,1157,707,0470,470
1112,16457279.831776,16376.824552227,1158,652,0469,469
1113,16473751.731287,16386.142171633,1282,826,1277,1277
1114,16447887.542925,16371.509896737,1040,1247,0196,196
1115,16457276.498518,16376.823815887,1159,598,0468,468
1116,16447879.769023,16371.505670517,1041,1201,0195,195
1117,16473723.737065,16386.127491846,1283,769,1276,1276
1118,16457268.98522,16376.819469279,1160,545,0467,467
1119,16447882.284634,16371.506946861,1042,1149,0194,194
1120,16447887.302581,16371.508598056,1043,1097,0193,193
1121,16457266.595654,16376.818825527,1161,495,0466,466
1122,16473720.193837,16386.126517209,1284,714,1275,1275
1123,16473726.178468,16386.129927713,1285,659,1274,1274
1124,16447906.958306,16371.518379921,1044,1044,0192,192
1125,16457245.550077,16376.80881802,1162,445,0465,465
1126,16457262.806463,16376.818220276,1163,396,0464,464
1127,16447911.594628,16371.519307271,1045,988,0191,191
1128,16473713.85223,16386.124171078,1286,605,1273,1273
1129,16457240.975318,16376.806355286,1164,347,0463,463
1130,16447914.336159,16371.520051111,1046,930,0190,190
1131,16473700.80686,16386.117875618,1287,552,1272,1272
1132,16457246.432058,16376.811069014,1165,299,0552,552
1133,16447924.772652,16371.526289772,1047,872,0189,189
1134,16473707.605427,16386.122402792,1288,502,1271,1271
1135,16457237.000708,16376.806368345,1166,251,0649,649
1136,16447907.389288,16371.517019476,1048,815,0188,188
1137,16457227.644624,16376.801319631,1167,208,0754,754
1138,16447909.360435,16371.51863208,1049,758,0187,187
1139,16473690.030754,16386.113132165,1289,452,1270,1270
1140,16447910.536705,16371.52062586,1050,703,0186,186
1141,16459589.537439,16378.138102116,1168,1386,0574,574
1142,16447895.747288,16371.513208066,1051,648,0185,185
1143,16459605.737195,16378.146116279,1169,1343,0573,573
1144,16473703.211208,16386.120538123,1290,403,1269,1269
1145,16473688.242735,16386.112580061,1291,354,1268,1268
1146,16459610.026095,16378.146446755,1170,1298,0572,572
1147,16447883.963279,16371.507446344,1052,594,0184,184
1148,16473685.188034,16386.112181041,1292,306,1267,1267
1149,16447885.456379,16371.509095875,1053,541,0183,183
1150,16459621.495209,16378.151629834,1171,1252,0571,571
1151,16459637.649358,16378.160316556,1172,1206,0570,570
1152,16447891.985544,16371.512546502,1054,491,0240,240
1153,16473674.204463,16386.106599475,1293,258,1266,1266
1154,16459624.312714,16378.151646002,1173,1154,0569,569
1155,16447863.872491,16371.497609532,1055,441,0305,305
1156,16476048.784407,16387.448029101,1294,715,1422,1422
1157,16447881.335003,16371.508033026,1056,392,0378,378
1158,16459640.539602,16378.16052794,1174,1102,0568,568
1159,16447869.476373,16371.502117369,1057,343,0459,459
1160,16459647.011773,16378.162918287,1175,1049,0567,567
1161,16476042.432216,16387.444464301,1295,660,1421,1421
1162,16459668.904684,16378.172968445,1176,993,0566,566
1163,16447846.376881,16371.491019892,1058,295,0548,548
1164,16476039.4333,16387.443632699,1296,606,1420,1420
1165,16459665.61139,16378.170582155,1177,935,0565,565
1166,16476020.71108,16387.434216888,1297,553,1419,1419
1167,16447856.737664,16371.49719799,1059,247,0645,645
1168,16459657.05183,16378.166111076,1178,877,0564,564
1169,16476029.778698,16387.440406422,1298,503,1418,1418
1170,16447845.286683,16371.490986859,1060,204,0750,750
1171,16476010.748392,16387.430305816,1299,453,1417,1417
1172,16459640.543591,16378.157968195,1179,820,0563,563
1173,16450161.695859,16372.806455699,1061,1519,0682,682
1174,16459640.454928,16378.159331914,1180,763,0562,562
1175,16476016.014146,16387.433808744,1300,404,1416,1416
1176,16459633.277662,16378.155380294,1181,708,0561,561
1177,16450174.664074,16372.812303788,1062,1491,0581,581
1178,16475997.136927,16387.424876032,1301,355,1415,1415
1179,16459618.486926,16378.147963998,1182,653,0560,560
1180,16450188.604803,16372.818623842,1063,1458,0488,488
1181,16475993.883228,16387.423454341,1302,307,1414,1414
1182,16459627.146635,16378.154054393,1183,599,0559,559
1183,16475992.051286,16387.422756723,1303,259,1413,1413
1184,16450180.677706,16372.813475609,1064,1420,0403,403
1185,16459613.21956,16378.146975387,1184,546,0558,558
1186,16459605.246818,16378.142237255,1185,496,0557,557
1187,16478248.682113,16388.712460083,1304,771,1578,1578
1188,16459615.729057,16378.148175878,1186,446,0556,556
1189,16450192.004853,16372.818853733,1065,1382,0326,326
1190,16478251.85046,16388.715325767,1305,716,1577,1577
1191,16459606.474586,16378.144748219,1187,397,0555,555
1192,16450212.977916,16372.829623696,1066,1339,0257,257
1193,16459587.313385,16378.134740985,1188,348,0554,554
1194,16450206.836684,16372.825255679,1067,1294,0256,256
1195,16459589.530643,16378.1363846,1189,300,0553,553
1196,16478225.476084,16388.702684597,1306,661,1576,1576
1197,16478232.286869,16388.707501968,1307,607,1575,1575
1198,16450215.934968,16372.829414971,1068,1248,0255,255
1199,16459587.98107,16378.136752916,1190,252,0650,650
1200,16478212.183702,16388.697009486,1308,554,1574,1574
1201,16459570.647962,16378.128498551,1191,209,0755,755
1202,16450226.585104,16372.834051756,1069,1202,0254,254
1203,16478214.926588,16388.699292993,1309,504,1573,1573
1204,16461957.683199,16379.476176171,1192,1299,0671,671
1205,16450249.02635,16372.845588479,1070,1150,0253,253
1206,16478202.091934,16388.693044766,1310,454,1572,1572
1207,16461957.836737,16379.47530655,1193,1253,0670,670
1208,16478184.854666,16388.685192561,1311,405,1571,1571
1209,16450236.58305,16372.837346487,1071,1098,0252,252
1210,16461987.389283,16379.489989009,1194,1207,0669,669
1211,16478185.654656,16388.686162323,1312,356,1570,1570
1212,16461976.147452,16379.483159499,1195,1155,0668,668
1213,16450249.13314,16372.84404956,1072,1045,0251,251
1214,16478174.643265,16388.680695878,1313,308,1569,1569
1215,16461994.435396,16379.491987682,1196,1103,0667,667
1216,16450257.532944,16372.848051545,1073,989,0250,250
1217,16462006.521463,16379.497506906,1197,1050,0666,666
1218,16478170.212347,16388.679813994,1314,260,1568,1568
1219,16450267.00924,16372.851664142,1074,931,0249,249
1220,16462008.985016,16379.498482246,1198,994,0665,665
1221,16480619.479823,16390.052609709,1315,829,1742,1742
1222,16480613.950294,16390.050691502,1316,772,1741,1741
1223,16462010.69576,16379.497991829,1199,936,0664,664
1224,16480607.43841,16390.04843721,1317,717,1740,1740
1225,16450266.013818,16372.851751196,1075,873,0248,248
1226,16462007.472563,16379.496494597,1200,878,0663,663
1227,16450254.569103,16372.845555672,1076,816,0247,247
1228,16480595.022381,16390.041794967,1318,662,1739,1739
1229,16461979.568405,16379.482253866,1201,821,0662,662
1230,16480607.203828,16390.049882995,1319,608,1738,1738
1231,16461990.778645,16379.488740972,1202,764,0661,661
1232,16450260.378085,16372.849015877,1077,759,0246,246
1233,16461975.017633,16379.48084084,1203,709,0660,660
1234,16480580.131392,16390.035440505,1320,555,1737,1737
1235,16450253.296574,16372.846037186,1078,704,0245,245
1236,16480577.393676,16390.034652668,1321,505,1736,1736
1237,16461964.710062,16379.476300326,1204,654,0659,659
1238,16480568.101722,16390.031331416,1322,455,1735,1735
1239,16461975.981368,16379.482585717,1205,600,0658,658
1240,16450254.395907,16372.846665323,1079,649,0244,244
1241,16480559.876537,16390.027621732,1323,406,1734,1734
1242,16461975.860888,16379.482383876,1206,547,0657,657
1243,16450248.780435,16372.844707341,1080,595,0243,243
1244,16461951.134545,16379.4704302,1207,497,0656,656
1245,16480553.374845,16390.024497826,1324,357,1733,1733
1246,16461944.789766,16379.468420432,1208,447,0655,655
1247,16480536.894764,16390.016892468,1325,309,1732,1732
1248,16450234.090434,16372.837529356,1081,542,0242,242
1249,16461950.04185,16379.470992003,1209,398,0654,654
1250,16450227.733078,16372.834933969,1082,492,0241,241
1251,16480530.829808,16390.015081223,1326,261,1731,1731
1252,16461945.153943,16379.469030515,1210,349,0653,653
1253,16482990.624312,16391.39386374,1327,830,1913,1913
1254,16461927.817893,16379.459654932,1211,301,0652,652
1255,16450208.293723,16372.825851756,1083,442,0306,306
1256,16482972.187582,16391.38492457,1328,773,1912,1912
1257,16482970.484865,16391.385017716,1329,718,1911,1911
1258,16461940.223155,16379.466951767,1212,253,0651,651
1259,16450213.645216,16372.829444149,1084,393,0379,379
1260,16461935.656474,16379.465857706,1213,210,0756,756
1261,16450215.010731,16372.829432235,1085,344,0460,460
1262,16482956.549692,16391.378178878,1330,663,1910,1910
1263,16464331.859985,16380.81739787,1214,1208,0776,776
1264,16482952.6266,16391.377194653,1331,609,1909,1909
1265,16450208.543405,16372.826193823,1086,296,0549,549
1266,16464330.790485,16380.815644729,1215,1156,0775,775
1267,16482939.485689,16391.370896919,1332,556,1908,1908
1268,16464341.980506,16380.820736607,1216,1104,0774,774
1269,16450204.526091,16372.825489825,1087,248,0646,646
1270,16482923.505378,16391.363917676,1333,506,1907,1907
1271,16464353.398792,16380.826864022,1217,1051,0773,773
1272,16482926.894725,16391.366548307,1334,456,1906,1906
1273,16450189.09755,16372.818257345,1088,205,0751,751
1274,16464342.334753,16380.820150745,1218,995,0772,772
1275,16482915.810106,16391.360886556,1335,407,1905,1905
1276,16464353.731237,16380.824785915,1219,937,0771,771
1277,16482909.177659,16391.357952234,1336,358,1904,1904
1278,16452524.115072,16374.140903162,1089,1492,0580,580
1279,16464360.165299,16380.827852812,1220,879,0770,770
1280,16482906.982846,16391.357181261,1337,310,1903,1903
1281,16464335.82423,16380.814687453,1221,822,0769,769
1282,16452533.222408,16374.146084067,1090,1459,0487,487
1283,16464334.533504,16380.815076997,1222,765,0768,768
1284,16482894.271268,16391.351325363,1338,262,1902,1902
1285,16464327.01715,16380.811902948,1223,710,0767,767
1286,16482886.558676,16391.348848087,1339,215,1901,1901
1287,16452539.770373,16374.147906907,1091,1421,0402,402
1288,16464322.642195,16380.809462193,1224,655,0766,766
1289,16485340.795918,16392.724381372,1340,774,2091,2091
1290,16464317.908688,16380.807654905,1225,601,0765,765
1291,16452552.263781,16374.153283787,1092,1383,0325,325
1292,16485327.771832,16392.718128666,1341,719,2090,2090
1293,16464303.110246,16380.80160105,1226,548,0764,764
1294,16452572.764877,16374.164326036,1093,1340,0324,324
1295,16485317.500909,16392.714560811,1342,664,2089,2089
1296,16464307.021634,16380.803886867,1227,498,0763,763
1297,16485301.697654,16392.706556268,1343,610,2088,2088
1298,16464300.231043,16380.79978105,1228,448,0762,762
1299,16452548.891753,16374.150878914,1094,1295,0323,323
1300,16485304.636319,16392.709085323,1344,557,2087,2087
1301,16464293.256765,16380.79733076,1229,399,0761,761
1302,16485303.187151,16392.708106202,1345,507,2086,2086
1303,16464289.153185,16380.795462605,1230,350,0760,760
1304,16452569.280126,16374.162061859,1095,1249,0322,322
1305,16485298.718259,16392.706881931,1346,457,2085,2085
1306,16464278.54704,16380.790179588,1231,302,0759,759
1307,16485276.417402,16392.696152337,1347,408,2084,2084
1308,16464284.398609,16380.79417588,1232,254,0758,758
1309,16452574.213031,16374.162592713,1096,1203,0321,321
1310,16485259.740337,16392.688195526,1348,359,2083,2083
1311,16464277.883421,16380.791035924,1233,211,0757,757
1312,16485268.03344,16392.693610554,1349,311,2082,2082
1313,16452592.986208,16374.172023326,1097,1151,0320,320
1314,16466693.680227,16382.152196695,1234,1105,0889,889
1315,16487707.145367,16394.06286288,1350,775,2278,2278
1316,16466709.477207,16382.159504847,1235,1052,0888,888
1317,16452586.14139,16374.167886071,1098,1099,0319,319
1318,16487691.484344,16394.055436915,1351,720,2277,2277
1319,16466698.58434,16382.151662917,1236,996,0887,887
1320,16466719.59582,16382.163064769,1237,938,0886,886
1321,16487686.840714,16394.052894114,1352,665,2276,2276
1322,16452593.271086,16374.170329519,1099,1046,0318,318
1323,16466708.297248,16382.156084315,1238,880,0885,885
1324,16487683.113264,16394.051716523,1353,611,2275,2275
1325,16466681.312752,16382.141996874,1239,823,0884,884
1326,16452620.782672,16374.184484065,1100,990,0317,317
1327,16487669.977032,16394.046395216,1354,558,2274,2274
1328,16466688.504031,16382.146535804,1240,766,0883,883
1329,16466687.631991,16382.146434569,1241,711,0882,882
1330,16487652.618491,16394.038586934,1355,508,2273,2273
1331,16452611.463233,16374.179022763,1101,932,0316,316
1332,16466667.030113,16382.137020552,1242,656,0881,881
1333,16487654.973915,16394.040290394,1356,458,2272,2272
1334,16452607.431645,16374.177060322,1102,874,0315,315
1335,16487649.11169,16394.036628283,1357,409,2271,2271
1336,16452603.571081,16374.175116054,1103,817,0314,314
1337,16466656.811177,16382.132139017,1243,602,0880,880
1338,16490050.065272,16395.39025244,1358,666,2471,2471
1339,16452601.897274,16374.175301887,1104,760,0313,313
1340,16490031.71803,16395.381125598,1359,0,,0
1341,16452587.230016,16374.168374363,1105,705,0312,312
1342,16490038.338432,16395.385705201,1360,559,2469,2469
1343,16452577.242193,16374.163980172,1106,650,0311,311
1344,16490018.844948,16395.375801629,1361,509,2468,2468
1345,16452596.042412,16374.174214042,1107,596,0310,310
1346,16452574.701385,16374.162013205,1108,543,0309,309
1347,16490025.539588,16395.38057668,1362,459,2467,2467
1348,16452576.913203,16374.164295282,1109,493,0308,308
1349,16452575.594044,16374.163258214,1110,443,0307,307
1350,16452566.342329,16374.15982889,1111,394,0380,380
1351,16452550.423079,16374.152889699,1112,345,0461,461
1352,16452547.246962,16374.151509402,1113,297,0550,550
1353,16452533.170423,16374.144807989,1114,249,0647,647
1354,16452540.602142,16374.149572367,1115,206,0752,752
1355,16454892.346386,16375.479818789,1116,1460,0486,486
1356,16454896.746234,16375.481639275,1117,1422,0401,401
1357,16454887.970914,16375.476910751,1118,1384,0400,400
1358,16454912.737562,16375.489787557,1119,1341,0399,399
1359,16454903.460131,16375.482392856,1120,1296,0398,398
1360,16454937.341175,16375.500545471,1121,1250,0397,397
1361,16454924.887221,16375.49339782,1122,1204,0396,396
1,16398675.984208,16343.656898155,302,626,0832,832
2,16398670.740019,16343.653241496,303,572,0833,833
3,16398695.408733,16343.666112892,304,519,0834,834
4,16398677.543418,16343.656694598,305,469,0835,835
5,16398682.213315,16343.658973352,306,419,0836,836
6,16398689.624886,16343.662761164,307,370,0837,837
7,16398687.483645,16343.662012024,308,321,0838,838
8,16398691.437751,16343.66398512,309,273,0839,839
9,16398695.124299,16343.665422527,310,225,0840,840
10,16398686.342895,16343.660650185,311,182,0841,841
11,16435960.758391,16364.764884377,902,131,0979,979
12,16435964.937547,16364.768504563,903,101,1108,1108
13,16400959.680534,16344.935367539,312,1521,0812,812
14,16400942.721179,16344.927281464,313,1498,0703,703
15,16438427.488087,16366.162711126,904,1514,0687,687
16,16400925.146725,16344.917838157,314,1470,0704,704
17,16435950.806736,16364.760754544,905,72,1245,1245
18,16400942.546496,16344.928057762,315,1437,0705,705
19,16400915.789476,16344.915090523,316,1399,0706,706
20,16438444.136627,16366.170393708,906,1486,0586,586
21,16400900.44449,16344.907568493,317,1361,0707,707
22,16438447.072208,16366.171467835,907,1453,0493,493
23,16400912.16529,16344.914353898,318,1318,0708,708
24,16438455.661291,16366.17562334,908,1415,0408,408
25,16400893.743338,16344.905244577,319,1273,0709,709
26,16438464.130096,16366.17878627,909,1377,0331,331
27,16400892.256163,16344.905312347,320,1227,0710,710
28,16438472.684965,16366.182806334,910,1334,0262,262
29,16400876.204667,16344.897102594,321,1179,0711,711
30,16400889.523307,16344.905365548,322,1128,0712,712
31,16438478.118196,16366.185573646,911,1289,0201,201
32,16438484.368441,16366.18784244,912,1243,0148,148
33,16400860.438902,16344.890537826,323,1076,0713,713
34,16400854.006996,16344.88879362,324,1023,0714,714
35,16438493.181822,16366.191454554,913,1197,0103,103
36,16438502.352649,16366.195811449,914,1145,0066,66
37,16400851.007526,16344.887946601,325,968,0715,715
38,16400838.755831,16344.881482058,326,910,0716,716
39,16438491.713457,16366.18983359,915,1093,0037,37
40,16438513.22366,16366.20130359,916,1040,0036,36
41,16401017.172552,16344.982259962,327,852,0717,717
42,16401009.884391,16344.977402796,328,795,0718,718
43,16438501.579356,16366.193416593,917,984,0035,35
44,16401019.646628,16344.983073826,329,738,0719,719
45,16401017.976757,16344.982202502,330,683,0720,720
46,16438542.006603,16366.213898432,918,926,0034,34
47,16438554.015753,16366.219775671,919,868,0033,33
48,16401016.272555,16344.980260453,331,628,0721,721
49,16401015.603027,16344.980700076,332,574,0722,722
50,16438544.079428,16366.216602724,920,811,0032,32
51,16438532.019477,16366.211190029,921,754,0031,31
52,16401013.740798,16344.98069612,333,521,0723,723
53,16438521.710043,16366.205135936,922,699,0056,56
54,16401014.45721,16344.980250227,334,471,0724,724
55,16401018.560711,16344.981361157,335,421,0725,725
56,16438542.371842,16366.216834144,923,644,0089,89
57,16438510.835604,16366.200195801,924,590,0130,130
58,16401031.087556,16344.988028357,336,372,0726,726
59,16438508.441818,16366.200867808,925,537,0179,179
60,16401025.624267,16344.985375413,337,323,0727,727
61,16401021.490716,16344.983395648,338,275,0728,728
62,16438500.742965,16366.197246024,926,487,0236,236
63,16438506.526936,16366.200206107,927,437,0301,301
64,16401019.576459,16344.981949118,339,227,0729,729
65,16401029.741881,16344.986990014,340,183,0730,730
66,16438498.978049,16366.196822902,928,388,0374,374
67,16438483.715483,16366.189928348,929,339,0455,455
68,16403438.865888,16346.33845042,341,1543,0928,928
69,16438479.065198,16366.18766312,930,291,0544,544
70,16403303.50491,16346.262600868,342,1522,0811,811
71,16438486.320188,16366.192072487,931,243,0641,641
72,16403295.423117,16346.259766716,343,1499,0702,702
73,16440847.996869,16367.536144015,932,1577,1037,1037
74,16403276.169224,16346.250324873,344,1471,0601,601
75,16438462.125994,16366.179906504,933,200,0746,746
76,16403275.994332,16346.25060205,345,1438,0602,602
77,16440846.960037,16367.53407474,934,1559,0912,912
78,16403271.873171,16346.248549619,346,1400,0603,603
79,16438464.101398,16366.181480479,935,164,0859,859
80,16403258.136803,16346.242917425,347,1362,0604,604
81,16440782.37192,16367.496039273,936,1538,0795,795
82,16403252.437123,16346.24078837,348,1319,0605,605
83,16438311.095286,16366.095177889,937,132,0980,980
84,16403248.207441,16346.238488969,349,1274,0606,606
85,16438308.45367,16366.094932639,938,102,1109,1109
86,16403231.872584,16346.231427146,350,1228,0607,607
87,16440774.606754,16367.491254824,939,1515,0686,686
88,16403214.516705,16346.223378638,351,1182,0608,608
89,16440785.01317,16367.496936982,940,1487,0585,585
90,16403222.468518,16346.227697619,352,1130,0609,609
91,16440791.922263,16367.499039759,941,1454,0492,492
92,16403223.926933,16346.228603598,353,1078,0610,610
93,16440800.275309,16367.502809246,942,1416,0407,407
94,16403208.007964,16346.221122839,354,1025,0611,611
95,16440804.540113,16367.505383331,943,1378,0330,330
96,16403203.18868,16346.219509623,355,969,0612,612
97,16440815.072853,16367.509295704,944,1335,0261,261
98,16403196.304429,16346.216068251,356,911,0613,613
99,16440831.685536,16367.516872021,945,1290,0200,200
100,16403341.998039,16346.298952436,357,853,0614,614
101,16440828.936899,16367.515250083,946,1244,0147,147
102,16403338.166952,16346.29701761,358,796,0615,615
103,16440828.566035,16367.514917814,947,1198,0102,102
104,16403349.488604,16346.30356038,359,739,0616,616
105,16440842.378502,16367.521273264,948,1146,0065,65
106,16403337.042111,16346.296890006,360,684,0617,617
107,16440848.330711,16367.523136896,949,1094,0064,64
108,16403334.211711,16346.295625657,361,629,0618,618
109,16440863.92632,16367.530660069,950,1041,0063,63
110,16403338.409957,16346.29699114,362,575,0619,619
111,16440863.397413,16367.529900112,951,985,0062,62
112,16440876.223359,16367.536642593,952,927,0061,61
113,16403358.60904,16346.306985559,363,522,0620,620
114,16403356.720955,16346.30566011,364,472,0621,621
115,16440890.576723,16367.544161128,953,869,0060,60
116,16403357.610159,16346.306771474,365,422,0622,622
117,16440888.159127,16367.543038284,954,812,0059,59
118,16403341.878837,16346.298418776,366,373,0623,623
119,16440878.461437,16367.538650316,955,755,0058,58
120,16403355.124968,16346.305715878,367,324,0624,624
121,16440863.532344,16367.531571586,956,700,0057,57
122,16403345.613103,16346.299784099,368,276,0625,625
123,16440877.340804,16367.539368307,957,645,0090,90
124,16440854.786384,16367.527509006,958,591,0131,131
125,16403356.16732,16346.305128065,369,228,0626,626
126,16405764.435127,16347.658311528,370,1562,1052,1052
127,16403356.995515,16346.306124228,371,185,0731,731
128,16440854.000989,16367.528180262,959,538,0180,180
129,16440856.592008,16367.529726843,960,488,0237,237
130,16405768.097375,16347.660138734,372,1544,0927,927
131,16440849.809474,16367.526544381,961,438,0302,302
132,16403353.838408,16346.304772551,373,149,0844,844
133,16440842.927771,16367.524137189,962,389,0375,375
134,16403180.10896,16346.205816098,374,117,0965,965
135,16440827.777164,16367.516361184,963,340,0456,456
136,16405632.04223,16347.583950256,375,1523,0810,810
137,16440822.237571,16367.513956094,964,292,0545,545
138,16405633.46051,16347.585003179,376,1500,0701,701
139,16405630.437891,16347.583726014,377,1472,0600,600
140,16440832.926806,16367.520318312,965,244,0642,642
141,16440814.52424,16367.510152996,966,201,0747,747
142,16405614.422184,16347.576009186,378,1439,0507,507
143,16443197.307345,16368.864730948,967,1560,0911,911
144,16405611.754559,16347.57481784,379,1401,0508,508
145,16440814.70746,16367.511682837,968,165,0860,860
146,16405619.332888,16347.579293061,380,1363,0509,509
147,16443132.719651,16368.826694859,969,1539,0794,794
148,16405605.257565,16347.572410354,381,1320,0510,510
149,16440654.060601,16367.422313667,970,133,0981,981
150,16405591.816561,16347.567030207,382,1275,0511,511
151,16440644.156459,16367.417982592,971,103,1110,1110
152,16405584.927201,16347.564073865,383,1229,0512,512
153,16405575.962212,16347.558943264,384,1183,0513,513
154,16443134.036714,16368.825795712,972,1516,0685,685
155,16405575.149326,16347.560183929,385,1131,0514,514
156,16443131.353797,16368.824397138,973,1488,0584,584
157,16405559.85538,16347.553143816,386,1079,0515,515
158,16443133.37109,16368.825859189,974,1455,0491,491
159,16375111.433257,16330.293046608,2,1307,2369,2369
160,16405562.926516,16347.554583229,387,1026,0516,516
161,16443141.047807,16368.828600509,975,1417,0406,406
162,16405554.345279,16347.550608918,388,970,0517,517
163,16443156.099098,16368.835116068,976,1379,0329,329
164,16443171.857616,16368.843187534,977,1336,0260,260
165,16405533.13399,16347.541223397,389,912,0518,518
166,16443174.281006,16368.843683467,978,1291,0199,199
167,16405659.891221,16347.613138794,390,854,0519,519
168,16405669.63222,16347.618227753,391,797,0520,520
169,16443174.434726,16368.842818566,979,1245,0146,146
170,16405679.357694,16347.622923517,392,740,0521,521
171,16443184.705306,16368.847562797,980,1199,0101,101
172,16443187.310014,16368.848840385,981,1147,0100,100
173,16405687.036006,16347.626101289,393,685,0522,522
174,16443198.770597,16368.854753478,982,1095,0099,99
175,16405692.608165,16347.628935259,394,630,0523,523
176,16443198.81672,16368.853201415,983,1042,0098,98
177,16375119.776328,16330.298736604,3,1262,2370,2370
178,16405667.153686,16347.615379626,395,576,0524,524
179,16405681.168427,16347.624350043,396,523,0525,525
180,16443215.375058,16368.861205636,984,986,0097,97
181,16405670.261876,16347.617954359,397,473,0526,526
182,16443222.952399,16368.864975331,985,928,0096,96
183,16405677.771182,16347.622135772,398,423,0527,527
184,16443225.195292,16368.866547164,986,870,0095,95
185,16405674.02884,16347.619925213,399,374,0528,528
186,16443229.74228,16368.869373708,987,813,0094,94
187,16405687.601951,16347.62619684,400,325,0529,529
188,16443212.05868,16368.859862075,988,756,0093,93
189,16375113.456623,16330.296094268,4,1216,2371,2371
190,16375100.303804,16330.290743717,5,1164,2372,2372
191,16375074.400138,16330.277167448,6,1112,2373,2373
192,16382407.902769,16334.436166418,102,463,1836,1836
193,16382392.680205,16334.427280321,103,413,1837,1837
194,16375100.643472,16330.291401273,7,1059,2374,2374
195,16382407.197641,16334.435066698,104,364,1838,1838
196,16382405.257926,16334.433483984,105,315,1839,1839
197,16375077.48735,16330.278941028,8,1004,2375,2375
198,16382405.805045,16334.434480737,106,267,1840,1840
199,16375076.389943,16330.28008559,9,949,2376,2376
200,16382401.716692,16334.43280391,107,219,1841,1841
201,16382402.741049,16334.432962038,108,176,1842,1842
202,16375062.268215,16330.27376743,10,893,2377,2377
203,16382409.313761,16334.435837177,109,141,1843,1843
204,16382236.645273,16334.338383277,110,111,1844,1844
205,16375415.391666,16330.473490537,11,837,2378,2378
206,16382243.323065,16334.342144313,111,82,1845,1845
207,16375424.349775,16330.478783146,12,780,2379,2379
208,16382248.05017,16334.343510401,112,55,1846,1846
209,16382266.009506,16334.351632324,113,33,1847,1847
210,16384491.463407,16335.609808085,114,1311,1653,1653
211,16375416.553763,16330.47450593,13,726,2380,2380
212,16417197.841965,16354.142664512,602,64,1237,1237
213,16384480.166206,16335.60415306,115,1266,1654,1654
214,16419681.47752,16355.547433327,603,1478,0594,594
215,16375420.905664,16330.475784982,14,671,2381,2381
216,16384477.353109,16335.603459797,116,1220,1655,1655
217,16384475.060791,16335.603296834,117,1168,1656,1656
218,16384465.957108,16335.598904001,118,1116,1657,1657
219,16419692.904225,16355.551762135,604,1445,0501,501
220,16375438.352033,16330.484715826,15,617,2382,2382
221,16419710.28509,16355.559700562,605,1407,0416,416
222,16384453.925304,16335.59277973,119,1065,1658,1658
223,16419703.558388,16355.55611769,606,1369,0339,339
224,16384453.481587,16335.594369113,120,1013,1659,1659
225,16375442.489889,16330.48725401,16,563,2383,2383
226,16419703.615,16355.555334764,607,1326,0270,270
227,16384432.693047,16335.584391554,121,958,1660,1660
228,16419727.482138,16355.56696823,608,1281,0209,209
229,16375423.247449,16330.476230542,17,510,2384,2384
230,16443222.158546,16368.865954873,989,701,0092,92
231,16405681.572736,16347.622217639,401,277,0530,530
232,16384427.999553,16335.582177203,122,901,1661,1661
233,16384714.863848,16335.744473363,123,844,1662,1662
234,16419728.499665,16355.567190007,609,1235,0156,156
235,16443211.02974,16368.860632997,990,646,0091,91
236,16443211.347843,16368.861696887,991,592,0132,132
237,16375433.529429,16330.483000069,18,460,2385,2385
238,16419726.558515,16355.565996226,610,1189,0111,111
239,16443189.320328,16368.850373829,992,539,0181,181
240,16384715.69949,16335.745462343,124,787,1663,1663
241,16443185.83227,16368.850017848,993,489,0238,238
242,16443177.667958,16368.846003872,994,439,0303,303
243,16384727.5108,16335.751332347,125,731,1664,1664
244,16419735.860862,16355.570463371,611,1139,0112,112
245,16443189.315957,16368.852522823,995,390,0376,376
246,16443176.199015,16368.845628994,996,341,0457,457
247,16443167.79089,16368.841270965,997,293,0546,546
248,16375412.765529,16330.47216317,19,410,2386,2386
249,16384733.462955,16335.753535175,126,676,1665,1665
250,16443181.565388,16368.849680237,998,245,0643,643
251,16419749.797599,16355.576225419,612,1087,0113,113
252,16419759.388152,16355.580015814,613,1034,0114,114
253,16384717.164103,16335.745298359,127,621,1666,1666
254,16375423.637638,16330.47795082,20,361,2387,2387
255,16443148.139749,16368.832309921,999,202,0748,748
256,16384722.669394,16335.748615295,128,567,1667,1667
257,16419762.48751,16355.582234053,614,979,0115,115
258,16443148.746822,16368.834022382,1000,166,0861,861
259,16445465.626631,16370.148437885,1001,1540,0793,793
260,16375432.046233,16330.481295053,21,312,2388,2388
261,16384718.049897,16335.74583421,129,514,1668,1668
262,16419761.183408,16355.580984133,615,922,0116,116
263,16412664.691481,16351.581365487,502,688,0285,285
264,16384728.403786,16335.752362393,130,464,1669,1669
265,16419811.932152,16355.609050796,616,863,0117,117
266,16375436.55222,16330.483269817,22,264,2389,2389
267,16384706.016067,16335.73967014,131,414,1670,1670
268,16419809.424255,16355.607922955,617,805,0118,118
269,16384725.764403,16335.750432559,132,365,1671,1671
270,16375434.726078,16330.482847502,23,216,2390,2390
271,16419806.312624,16355.607278523,618,748,0119,119
272,16384732.831982,16335.752754514,133,316,1672,1672
273,16384738.892268,16335.755610953,134,268,1673,1673
274,16419791.656204,16355.600346194,619,693,0120,120
275,16375441.53397,16330.485982335,24,173,2391,2391
276,16384733.977086,16335.753374955,135,220,1674,1674
277,16419791.383969,16355.600191403,620,638,0121,121
278,16375435.184022,16330.482539918,25,138,2392,2392
279,16384737.244728,16335.754509816,136,177,1675,1675
280,16419799.125961,16355.604470236,621,582,0122,122
281,16375271.026704,16330.388997114,26,108,2393,2393
282,16384742.997159,16335.757950836,137,142,1676,1676
283,16419782.837457,16355.596359178,622,529,0171,171
284,16384558.971978,16335.65440934,138,112,1677,1677
285,16384579.44638,16335.665327958,139,83,1678,1678
286,16422071.023132,16356.905849894,623,1619,1790,1790
287,16375288.53535,16330.397915839,27,79,2394,2394
288,16419784.129311,16355.597804223,624,479,0228,228
289,16384582.082974,16335.664872736,140,56,1679,1679
290,16422081.529392,16356.910979157,625,1614,1625,1625
291,16384592.912702,16335.669885826,141,34,1680,1680
292,16375274.712213,16330.390309301,28,52,2395,2395
293,16386843.975357,16336.94310392,142,1312,1494,1494
294,16419770.82372,16355.590904989,626,429,0293,293
295,16386807.471022,16336.924697591,143,1267,1495,1495
296,16375308.877882,16330.407321233,29,30,2396,2396
297,16422084.293451,16356.912576995,627,1607,1468,1468
298,16386818.568876,16336.930974884,144,1221,1496,1496
299,16419775.834517,16355.594301899,628,380,0366,366
300,16386819.841864,16336.931625435,145,1170,1497,1497
301,16377449.813226,16331.619535557,30,1308,2178,2178
302,16419768.222731,16355.590520349,629,331,0447,447
303,16386799.686663,16336.922208854,146,1119,1498,1498
304,16377462.930315,16331.627063458,31,1263,2179,2179
305,16422074.742402,16356.906878161,630,1597,1319,1319
306,16386787.168956,16336.917059714,147,1067,1499,1499
307,16377448.938685,16331.620369301,32,1217,2180,2180
308,16419764.617105,16355.589181178,631,283,0536,536
309,16386788.922554,16336.918649356,148,1014,1500,1500
310,16377438.540677,16331.61620563,33,1165,2181,2181
311,16422092.175788,16356.916611176,632,1584,1178,1178
312,16377422.758719,16331.607759919,34,1113,2182,2182
313,16386780.191144,16336.913903571,149,959,1501,1501
314,16419755.348234,16355.584566247,633,235,0633,633
315,16408105.212641,16348.984297699,402,1578,1184,1184
316,16386780.629428,16336.914611325,150,902,1502,1502
317,16422095.042488,16356.917105527,634,1569,1045,1045
318,16377428.465488,16331.611682535,35,1060,2183,2183
319,16387051.030892,16337.067682417,151,846,1503,1503
320,16405688.774714,16347.627514174,403,229,0627,627
321,16419742.028812,16355.57853434,635,192,0738,738
322,16408110.076488,16348.986855182,404,1563,1051,1051
323,16377411.996197,16331.604194964,36,1007,2184,2184
324,16387046.939515,16337.065597464,152,789,1504,1504
325,16405677.15522,16347.621489646,405,186,0732,732
326,16422095.706176,16356.916012152,636,1551,0920,920
327,16387042.717084,16337.063622606,153,732,1505,1505
328,16377402.107081,16331.600369352,37,952,2185,2185
329,16387049.657857,16337.067874379,154,677,1506,1506
330,16408112.695804,16348.987767568,406,1545,0926,926
331,16419740.551348,16355.579082035,637,156,0851,851
332,16377399.004333,16331.599075624,38,896,2186,2186
333,16387047.817556,16337.066808479,155,622,1507,1507
334,16405678.266279,16347.621295637,407,150,0845,845
335,16422007.582827,16356.86593049,638,1530,0803,803
336,16377735.173286,16331.787980883,39,839,2187,2187
337,16387052.597101,16337.068224052,156,568,1508,1508
338,16405520.62573,16347.531404001,408,118,0966,966
339,16419555.970004,16355.476164872,639,124,0972,972
340,16419548.055979,16355.472669428,640,94,1101,1101
341,16408000.123697,16348.923573857,409,1524,0809,809
342,16377768.778091,16331.80624336,40,782,2188,2188
343,16387059.781511,16337.071195627,157,515,1509,1509
344,16405521.063957,16347.531025269,410,88,1095,1095
345,16387069.701016,16337.076845575,158,465,1510,1510
346,16377740.77873,16331.79089528,41,727,2189,2189
347,16422019.393299,16356.872175534,641,1507,0694,694
348,16407988.123017,16348.917656983,411,1501,0700,700
349,16387056.195887,16337.06893663,159,415,1511,1511
350,16419553.672524,16355.475802513,642,65,1238,1238
351,16377747.641356,16331.79514788,42,672,2190,2190
352,16422029.316345,16356.876032234,643,1479,0593,593
353,16407970.793779,16348.909242697,412,1473,0599,599
354,16387067.258913,16337.074770899,160,366,1512,1512
355,16377749.229938,16331.796032658,43,618,2191,2191
356,16387059.822268,16337.072212705,161,317,1513,1513
357,16422037.943992,16356.879388161,644,1446,0500,500
358,16407974.440796,16348.91260385,413,1440,0506,506
359,16387048.228416,16337.066047808,162,269,1514,1514
360,16422046.11585,16356.883327287,645,1408,0415,415
361,16407953.43732,16348.902334376,414,1402,0421,421
362,16377750.495257,16331.796620192,44,564,2192,2192
363,16377749.155695,16331.795691664,45,511,2193,2193
364,16387055.490549,16337.06860205,163,221,1515,1515
365,16407951.944473,16348.901728163,415,1364,0422,422
366,16422047.232503,16356.882878431,646,1370,0338,338
367,16377752.852146,16331.797245392,46,461,2194,2194
368,16407948.107041,16348.900627984,416,1321,0423,423
369,16422051.409621,16356.885066654,647,1327,0269,269
370,16387061.875758,16337.072713121,164,178,1516,1516
371,16422048.542059,16356.883514064,648,1282,0208,208
372,16407931.408088,16348.893142463,417,1276,0424,424
373,16377752.126423,16331.796501976,47,411,2195,2195
374,16387065.908905,16337.075405511,165,143,1517,1517
375,16422071.815472,16356.894758305,649,1236,0155,155
376,16386889.469257,16336.974931182,166,113,1518,1518
377,16407937.391147,16348.896506553,418,1230,0425,425
378,16377768.05682,16331.805406996,48,362,2196,2196
379,16377737.257061,16331.788757091,49,313,2197,2197
380,16422086.048903,16356.900534663,650,1190,0110,110
381,16386909.281592,16336.983936776,167,84,1519,1519
382,16407918.695976,16348.887113145,419,1184,0426,426
383,16422089.597391,16356.902028448,651,1136,0073,73
384,16377762.899871,16331.80268028,50,265,2198,2198
385,16407912.850545,16348.885487661,420,1132,0427,427
386,16386917.30439,16336.987435201,168,57,1520,1520
387,16389189.095513,16338.270927569,169,1394,1341,1341
388,16377754.48698,16331.797282144,51,217,2199,2199
389,16422091.85913,16356.903026852,652,1084,0074,74
390,16407904.549767,16348.881474869,421,1080,0428,428
391,16377757.601165,16331.800462207,52,174,2200,2200
392,16389180.932495,16338.266537167,170,1356,1342,1342
393,16407905.86604,16348.883121088,422,1027,0429,429
394,16422094.757123,16356.903427603,653,1031,0075,75
395,16389182.162211,16338.26856576,171,1313,1343,1343
396,16407896.096097,16348.878121937,423,971,0430,430
397,16422107.891467,16356.909488734,654,975,0076,76
398,16377756.48024,16331.799063765,53,139,2201,2201
399,16389167.302083,16338.260263814,172,1268,1344,1344
400,16422120.851408,16356.915366792,655,917,0077,77
401,16377591.688091,16331.705474202,54,109,2202,2202
402,16407889.186303,16348.874682332,424,913,0431,431
403,16412663.006245,16351.579175358,503,633,0286,286
404,16422166.523756,16356.940256048,656,859,0078,78
405,16408002.048988,16348.938752548,425,855,0432,432
406,16389171.318316,16338.263460876,173,1222,1345,1345
407,16377592.44898,16331.705282842,55,80,2203,2203
408,16389160.422959,16338.259087262,174,1172,1346,1346
409,16422153.320627,16356.935181657,657,802,0079,79
410,16408008.987889,16348.942614188,426,798,0433,433
411,16377616.438333,16331.716603939,56,53,2204,2204
412,16422148.20198,16356.933714372,658,745,0080,80
413,16407999.566059,16348.937412268,427,741,0434,434
414,16389140.174227,16338.248433944,175,1120,1347,1347
415,16377620.607139,16331.718773532,57,31,2205,2205
416,16422142.871762,16356.929854384,659,690,0081,81
417,16379807.602059,16332.954885299,58,1309,1995,1995
418,16408010.042499,16348.943663383,428,686,0435,435
419,16389146.127007,16338.252465789,176,1068,1348,1348
420,16422140.092979,16356.929552778,660,635,0082,82
421,16379803.804749,16332.95371269,59,1264,1996,1996
422,16389140.679083,16338.2500062,177,1016,1349,1349
423,16408002.300213,16348.939571804,429,631,0436,436
424,16422128.336421,16356.923784492,661,583,0123,123
425,16407994.053617,16348.934841588,430,577,0437,437
426,16389121.83328,16338.240184652,178,961,1350,1350
427,16379786.663837,16332.944912059,60,1218,1997,1997
428,16422126.514225,16356.923527185,662,530,0172,172
429,16389123.81812,16338.24294392,179,905,1351,1351
430,16379791.204326,16332.948639292,61,1166,1998,1998
431,16408008.393584,16348.942786529,431,524,0438,438
432,16424397.787951,16358.225603116,663,1620,1789,1789
433,16389368.031285,16338.382374964,180,847,1352,1352
434,16379775.927625,16332.941113872,62,1114,1999,1999
435,16408000.691665,16348.938486517,432,474,0439,439
436,16422128.037747,16356.925117586,664,480,0229,229
437,16407997.691836,16348.936478071,433,424,0440,440
438,16389373.364881,16338.38438883,181,790,1353,1353
439,16379756.573094,16332.932067636,63,1061,2000,2000
440,16424403.449559,16358.228615498,665,1615,1624,1624
441,16379761.864448,16332.935655345,64,1009,2001,2001
442,16389367.575935,16338.380986093,182,733,1354,1354
443,16389376.792479,16338.386263062,183,678,1355,1355
444,16408012.938379,16348.944358325,434,375,0441,441
445,16422104.731984,16356.912910935,666,430,0294,294
446,16379761.563861,16332.935724607,65,954,2002,2002
447,16408012.633723,16348.943703127,435,326,0442,442
448,16389379.404391,16338.387097384,184,623,1356,1356
449,16424408.74437,16358.230386827,667,1608,1467,1467
450,16379746.528959,16332.928587085,66,897,2003,2003
451,16410440.08215,16350.309040912,436,1592,1324,1324
452,16389378.658689,16338.386856251,185,569,1357,1357
453,16422116.824562,16356.920592223,668,381,0367,367
454,16380058.470168,16333.105394895,67,841,2004,2004
455,16422105.776174,16356.914812876,669,332,0448,448
456,16408008.917183,16348.942325603,437,278,0531,531
457,16389378.574696,16338.386658259,186,516,1358,1358
458,16389385.369955,16338.390259084,187,466,1359,1359
459,16410436.703395,16350.305815653,438,1579,1183,1183
460,16380072.029013,16333.113558517,68,784,2005,2005
461,16424423.427842,16358.237710521,670,1598,1318,1318
462,16412666.011616,16351.58073716,504,579,0287,287
463,16408016.205357,16348.945808867,439,230,0628,628
464,16389372.432973,16338.383516277,188,416,1360,1360
465,16380062.609272,16333.108358799,69,729,2006,2006
466,16422091.692291,16356.908498768,671,284,0537,537
467,16410451.903891,16350.313284954,440,1564,1050,1050
468,16380070.323335,16333.112511811,70,674,2007,2007
469,16389360.160678,16338.377400775,189,367,1361,1361
470,16389389.710561,16338.392693863,190,318,1362,1362
471,16380057.977083,16333.10549698,71,619,2008,2008
472,16408017.652946,16348.945874944,441,187,0733,733
473,16424430.660008,16358.240473491,672,1585,1177,1177
474,16422084.781891,16356.904907012,673,236,0634,634
475,16380066.20998,16333.110035261,72,565,2009,2009
476,16389380.027187,16338.386667855,191,270,1363,1363
477,16410455.949301,16350.314368784,442,1546,0925,925
478,16424443.003896,16358.245991711,674,1570,1044,1044
479,16408011.596568,16348.942614624,443,151,0846,846
480,16380082.332163,16333.118078602,73,512,2010,2010
481,16422086.040273,16356.905850078,675,193,0739,739
482,16389380.382885,16338.387174685,192,222,1364,1364
483,16380079.416912,16333.115585984,74,462,2011,2011
484,16389388.453222,16338.391054747,193,179,1365,1365
485,16407854.854465,16348.853563408,444,119,0967,967
486,16424446.749793,16358.247867112,676,1552,0919,919
487,16389399.865451,16338.396723632,194,144,1366,1366
488,16380076.866706,16333.113818833,75,412,2012,2012
489,16410350.420016,16350.254116043,445,1525,0808,808
490,16422072.11561,16356.899377762,677,157,0852,852
491,16424360.650719,16358.197726702,678,1531,0802,802
492,16407848.501388,16348.8493222,446,89,1096,1096
493,16380088.226382,16333.120724762,76,363,2013,2013
494,16389230.718369,16338.300337849,195,114,1367,1367
495,16421908.569695,16356.808367349,679,125,0973,973
496,16380064.399689,16333.10802776,77,314,2014,2014
497,16389217.760037,16338.293303441,196,85,1368,1368
498,16410335.308876,16350.247975788,447,1502,0699,699
499,16421895.035288,16356.801052533,680,95,1102,1102
500,16407861.552664,16348.855659718,448,60,1233,1233
501,16380081.468198,16333.117115541,78,266,2015,2015
502,16389230.435653,16338.300666208,197,58,1369,1369
503,16424369.303263,16358.200942812,681,1508,0693,693
504,16410312.05188,16350.236591862,449,1474,0598,598
505,16380078.514523,16333.114508675,79,218,2016,2016
506,16391539.087506,16339.601304982,198,1434,1197,1197
507,16421895.710277,16356.802274326,682,66,1239,1239
508,16380101.099721,16333.126572232,80,175,2017,2017
509,16391541.413644,16339.602550681,199,1396,1198,1198
510,16410328.19284,16350.244868734,450,1441,0505,505
511,16424375.556279,16358.203937441,683,1480,0592,592
512,16380091.003196,16333.121313155,81,140,2018,2018
513,16410316.883768,16350.23968075,451,1403,0420,420
514,16391531.189378,16339.597943141,200,1358,1199,1199
515,16424378.5102,16358.205987718,684,1447,0499,499
516,16424381.749201,16358.206899487,685,1409,0414,414
517,16379925.153338,16333.026792026,82,110,2019,2019
518,16391521.949017,16339.593810727,201,1315,1200,1200
519,16410290.731555,16350.227299539,452,1365,0343,343
520,16424385.096293,16358.207150131,686,1371,0337,337
521,16379931.911163,16333.029667445,83,81,2020,2020
522,16410305.773455,16350.235977762,453,1322,0344,344
523,16424404.564077,16358.217335812,687,1328,0268,268
524,16410296.543438,16350.230546495,454,1277,0345,345
525,16379932.250562,16333.030056791,84,54,2021,2021
526,16379940.88516,16333.03413758,85,32,2022,2022
527,16410281.580652,16350.223914273,455,1231,0346,346
528,16424400.694312,16358.213947687,688,1283,0207,207
529,16410281.364405,16350.224624097,456,1185,0347,347
530,16382143.90136,16334.279320015,86,1310,1820,1820
531,16424418.991288,16358.223299053,689,1237,0154,154
532,16424429.35659,16358.228102251,690,1191,0109,109
533,16382135.84571,16334.276041735,87,1265,1821,1821
534,16410270.933232,16350.218894704,457,1133,0348,348
535,16382120.331452,16334.269134621,88,1219,1822,1822
536,16410263.898143,16350.216828775,458,1081,0349,349
537,16424426.731979,16358.22549123,691,1138,0072,72
538,16410248.098081,16350.21037552,459,1028,0350,350
539,16424434.486611,16358.229566832,692,1086,0043,43
540,16382129.620588,16334.274915137,89,1167,1823,1823
541,16382116.975948,16334.2685226,90,1115,1824,1824
542,16410236.742443,16350.20542844,460,972,0351,351
543,16424443.915205,16358.234224784,693,1033,0044,44
544,16410229.743822,16350.201939243,461,914,0352,352
545,16382101.161414,16334.260294189,91,1063,1825,1825
546,16424450.167797,16358.236131401,694,978,0045,45
547,16382111.981893,16334.267011182,92,1010,1826,1826
548,16424454.207196,16358.237905399,695,921,0046,46
549,16410317.381941,16350.25206531,462,856,0353,353
550,16424483.019996,16358.254797635,696,862,0047,47
551,16410332.608644,16350.260228513,463,799,0354,354
552,16382101.772181,16334.262057403,93,956,1827,1827
553,16410324.397863,16350.254826575,464,742,0355,355
554,16424501.789558,16358.264440384,697,804,0048,48
555,16424500.894966,16358.264098089,698,747,0049,49
556,16382086.091249,16334.25486961,94,899,1828,1828
557,16410336.80088,16350.261902444,465,687,0356,356
558,16424470.470774,16358.249168501,699,692,0050,50
559,16382391.983461,16334.427933077,95,843,1829,1829
560,16410331.420608,16350.258837187,466,632,0357,357
561,16382399.145448,16334.430972436,96,786,1830,1830
562,16410342.703361,16350.264201892,467,578,0358,358
563,16424482.415872,16358.256863732,700,637,0083,83
564,16410349.812928,16350.267125017,468,525,0359,359
565,16382408.910763,16334.436643716,97,730,1831,1831
566,16424450.794476,16358.240174007,701,584,0124,124
567,16382400.012253,16334.431973549,98,675,1832,1832
568,16410343.208977,16350.263752329,469,475,0360,360
569,16382389.36344,16334.425008786,99,620,1833,1833
570,16410337.041509,16350.260864774,470,425,0361,361
571,16382412.986478,16334.43827391,100,566,1834,1834
572,16410342.071111,16350.263628291,471,376,0362,362
573,16410334.163402,16350.259903331,472,327,0443,443
574,16382395.887387,16334.429638168,101,513,1835,1835
575,16412782.689158,16351.634903543,473,1593,1323,1323
576,16410341.709462,16350.263874954,474,279,0532,532
577,16412673.322071,16351.584683459,505,526,0288,288
578,16412790.226819,16351.637789602,475,1580,1182,1182
579,16410341.461908,16350.263405134,476,231,0629,629
580,16412795.179838,16351.640115339,477,1565,1049,1049
581,16410344.837527,16350.264308231,478,188,0734,734
582,16412800.714877,16351.643026351,479,1547,0924,924
583,16410358.077815,16350.27099836,480,152,0847,847
584,16412680.765983,16351.576267607,481,1526,0807,807
585,16410169.943786,16350.166041565,482,120,0968,968
586,16412665.054432,16351.580093417,506,476,0289,289
587,16410171.989439,16350.166865033,483,90,1097,1097
588,16412683.655667,16351.578125504,484,1503,0698,698
589,16410186.559911,16350.173156535,485,61,1234,1234
590,16412673.950112,16351.573075976,486,1475,0597,597
591,16412669.827013,16351.572384793,487,1442,0504,504
592,16412663.537232,16351.56886665,488,1404,0419,419
593,16412653.413117,16351.564320476,489,1366,0342,342
594,16412646.535997,16351.562411749,490,1323,0273,273
595,16412627.694659,16351.553036273,491,1278,0274,274
596,16412668.83356,16351.582228387,507,426,0290,290
597,16412622.144922,16351.551163023,492,1232,0275,275
598,16412616.717254,16351.548953569,493,1186,0276,276
599,16412606.96324,16351.544199298,494,1134,0277,277
600,16412603.608003,16351.543003227,495,1082,0278,278
601,16412607.197788,16351.545626439,496,1029,0279,279
602,16415111.76537,16352.956292865,508,1604,1471,1471
603,16412592.013684,16351.537862046,497,973,0280,280
604,16412595.313339,16351.540473229,498,915,0281,281
605,16412660.850039,16351.577527126,499,857,0282,282
606,16412665.812286,16351.581489814,500,800,0283,283
607,16412645.207694,16351.571214606,501,743,0284,284
608,16412669.275882,16351.582063422,509,377,0363,363
609,16412670.548429,16351.58229058,510,328,0444,444
610,16415109.048951,16352.953509683,511,1594,1322,1322
611,16412671.395494,16351.583146299,512,280,0533,533
612,16415119.27808,16352.959192091,513,1581,1181,1181
613,16412671.800272,16351.583653117,514,232,0630,630
614,16391518.247562,16339.592696433,202,1270,1201,1201
615,16391508.997684,16339.588709453,203,1224,1202,1202
616,16415128.967913,16352.963575294,515,1566,1048,1048
617,16391505.768067,16339.587680097,204,1174,1203,1203
618,16412673.358995,16351.58380983,516,189,0735,735
619,16391492.747929,16339.581078189,205,1123,1204,1204
620,16415144.064548,16352.970598023,517,1548,0923,923
621,16391491.465859,16339.581057468,206,1072,1205,1205
622,16412680.284787,16351.588181024,518,153,0848,848
623,16391484.336765,16339.578544633,207,1019,1206,1206
624,16415043.18102,16352.912976825,519,1527,0806,806
625,16391458.327521,16339.565647353,208,965,1207,1207
626,16391463.628706,16339.569124198,209,907,1208,1208
627,16412501.435252,16351.486337627,520,121,0969,969
628,16391699.247604,16339.702508687,210,849,1209,1209
629,16412515.12844,16351.492181902,521,91,1098,1098
630,16391693.593471,16339.699801957,211,792,1210,1210
631,16391703.224073,16339.704447942,212,734,1211,1211
632,16415036.028348,16352.909808282,522,1504,0697,697
633,16391703.530222,16339.704700581,213,680,1212,1212
634,16431426.303112,16362.193236108,802,1331,0265,265
635,16431444.124034,16362.202705819,803,1286,0204,204
636,16412518.913101,16351.494519238,523,62,1235,1235
637,16391707.272478,16339.706510769,214,625,1213,1213
638,16431454.164154,16362.207083356,804,1240,0151,151
639,16391695.861626,16339.699977261,215,571,1214,1214
640,16415018.737233,16352.901452192,524,1476,0596,596
641,16431450.009404,16362.204648192,805,1194,0106,106
642,16391701.312861,16339.704070641,216,518,1215,1215
643,16415017.363555,16352.901954406,525,1443,0503,503
644,16431453.327852,16362.205113587,806,1142,0069,69
645,16391701.137602,16339.703721424,217,468,1216,1216
646,16415011.170123,16352.899683104,526,1405,0418,418
647,16431482.47364,16362.220053256,807,1090,0040,40
648,16391701.747134,16339.702832954,218,418,1217,1217
649,16431467.940768,16362.210558745,808,1037,0019,19
650,16414998.693799,16352.89383537,527,1367,0341,341
651,16391717.636023,16339.7105249,219,369,1218,1218
652,16431495.829976,16362.225846966,809,980,0006,6
653,16391711.619564,16339.707870846,220,320,1219,1219
654,16414983.93259,16352.886901339,528,1324,0272,272
655,16431479.679598,16362.216546266,810,920,0001,1
656,16391701.64391,16339.702869917,221,272,1220,1220
657,16414982.865828,16352.886388302,529,1279,0211,211
658,16431514.73595,16362.235748538,811,864,0002,2
659,16391712.706495,16339.709422418,222,224,1221,1221
660,16431526.478197,16362.242621782,812,808,0011,11
661,16414990.931437,16352.890619301,530,1233,0212,212
662,16391706.904187,16339.70637392,223,181,1222,1222
663,16431509.468397,16362.234132823,813,751,0028,28
664,16414973.192215,16352.882360453,531,1187,0213,213
665,16391704.019744,16339.704226409,224,146,1223,1223
666,16431500.941108,16362.230324753,814,696,0053,53
667,16414959.485886,16352.876632437,532,1135,0214,214
668,16391543.880201,16339.612906425,225,115,1224,1224
669,16431481.961062,16362.220853736,815,641,0086,86
670,16414956.130059,16352.875437117,533,1083,0215,215
671,16391543.450037,16339.611734,226,86,1225,1225
672,16431487.545803,16362.225183474,816,587,0127,127
673,16414949.097455,16352.872061902,534,1030,0216,216
674,16393914.72292,16340.944760651,227,1469,1061,1061
675,16431482.101431,16362.222927791,817,534,0176,176
676,16414936.05892,16352.86614318,535,974,0217,217
677,16393898.41937,16340.935956719,228,1436,1062,1062
678,16431474.123244,16362.218232236,818,484,0233,233
679,16414931.367053,16352.864858114,536,916,0218,218
680,16431486.646051,16362.225285326,819,434,0298,298
681,16393881.313888,16340.927847832,229,1398,1063,1063
682,16431472.603273,16362.2179019,820,385,0371,371
683,16414988.847991,16352.897965089,537,858,0219,219
684,16433804.503025,16363.548175709,821,1602,1314,1314
685,16393888.78993,16340.934155029,230,1360,1064,1064
686,16414995.374193,16352.900952514,538,801,0220,220
687,16393855.055787,16340.916192907,231,1317,1065,1065
688,16431464.29008,16362.214958176,822,336,0452,452
689,16414990.939254,16352.897650496,539,744,0221,221
690,16431454.197979,16362.210599309,823,288,0541,541
691,16393861.038055,16340.920861394,232,1272,1066,1066
692,16433804.09536,16363.547851839,824,1589,1173,1173
693,16415009.176685,16352.907998628,540,689,0222,222
694,16393849.309902,16340.915144554,233,1226,1067,1067
695,16431443.75063,16362.205010721,825,240,0638,638
696,16414990.548315,16352.897760899,541,634,0223,223
697,16393850.679939,16340.915850389,234,1178,1068,1068
698,16433814.446095,16363.553197782,826,1574,1040,1040
699,16414995.965099,16352.901076793,542,580,0224,224
700,16393839.252207,16340.911090967,235,1126,1069,1069
701,16431451.209965,16362.210046505,827,197,0743,743
702,16414992.654464,16352.899023941,543,527,0225,225
703,16393827.104803,16340.906154193,236,1075,1070,1070
704,16433822.457117,16363.556213359,828,1556,0915,915
705,16415004.588577,16352.905504094,544,477,0226,226
706,16431437.386986,16362.202417867,829,161,0856,856
707,16393813.892842,16340.899592826,237,1022,1071,1071
708,16417396.896308,16354.257597873,545,1612,1627,1627
709,16433746.943143,16363.512295392,830,1535,0798,798
710,16393816.061665,16340.901002381,238,967,1072,1072
711,16414998.388629,16352.901687605,546,427,0291,291
712,16393811.096438,16340.898635662,239,909,1073,1073
713,16431279.39224,16362.11331824,831,129,0977,977
714,16417406.871524,16354.262341347,547,1605,1470,1470
715,16431279.952984,16362.114893497,832,99,1106,1106
716,16394036.090969,16341.026021486,240,851,1074,1074
717,16414997.114437,16352.900546566,548,378,0364,364
718,16433748.256335,16363.511398243,833,1512,0689,689
719,16394018.190903,16341.016140653,241,794,1075,1075
720,16415012.222098,16352.908629727,549,329,0445,445
721,16431253.705341,16362.102166422,834,70,1243,1243
722,16394038.046598,16341.02780924,242,737,1076,1076
723,16433757.364494,16363.516055386,835,1484,0588,588
724,16417403.206136,16354.260584072,550,1595,1321,1321
725,16394027.68881,16341.021089349,243,682,1077,1077
726,16415002.299596,16352.902463454,551,281,0534,534
727,16433762.572764,16363.519352858,836,1451,0495,495
728,16394040.239932,16341.028119003,244,627,1078,1078
729,16417411.838232,16354.264148184,552,1582,1180,1180
730,16394033.767473,16341.02441384,245,573,1079,1079
731,16433760.782737,16363.517345833,837,1413,0410,410
732,16415020.400089,16352.912038464,553,233,0631,631
733,16394038.904124,16341.026263959,246,520,1080,1080
734,16433775.294811,16363.523864069,838,1375,0333,333
735,16417422.500063,16354.269671218,554,1567,1047,1047
736,16394044.322386,16341.029035296,247,470,1081,1081
737,16433769.191841,16363.520589642,839,1332,0264,264
738,16394039.31921,16341.027124489,248,420,1082,1082
739,16415008.7766,16352.906012542,555,190,0736,736
740,16417425.365122,16354.269778314,556,1549,0922,922
741,16394039.806769,16341.027936406,249,371,1083,1083
742,16433779.597002,16363.526222144,840,1287,0203,203
743,16415016.659878,16352.91056626,557,154,0849,849
744,16394029.269894,16341.021190311,250,322,1084,1084
745,16433787.130689,16363.528546925,841,1241,0150,150
746,16394033.224943,16341.023163823,251,274,1085,1085
747,16417338.235225,16354.219923905,558,1528,0805,805
748,16433812.202981,16363.540371068,842,1195,0105,105
749,16414843.622798,16352.811970384,559,122,0970,970
750,16394050.979033,16341.032831208,252,226,1086,1086
751,16433814.984706,16363.540836222,843,1143,0068,68
752,16394048.9285,16341.031873914,253,184,1087,1087
753,16414849.191574,16352.814522977,560,92,1099,1099
754,16417339.786298,16354.220058724,561,1505,0696,696
755,16433819.940697,16363.543672173,844,1091,0039,39
756,16394035.604284,16341.024522797,254,147,1088,1088
757,16433811.57356,16363.538280168,845,1038,0018,18
758,16393872.879987,16340.932089448,255,116,1089,1089
759,16414854.876995,16352.816726092,562,63,1236,1236
760,16396253.817723,16342.270363089,256,1496,0933,933
761,16433842.705024,16363.554230823,846,982,0005,5
762,16417354.724822,16354.226776328,563,1477,0595,595
763,16396237.80658,16342.263029126,257,1467,0934,934
764,16433829.185763,16363.546057029,847,924,0004,4
765,16417346.671158,16354.222942875,564,1444,0502,502
766,16396231.492158,16342.260445834,258,1433,0935,935
767,16417350.894815,16354.225912536,565,1406,0417,417
768,16433856.586021,16363.562185156,848,866,0003,3
769,16396218.629915,16342.253199587,259,1395,0936,936
770,16417360.721048,16354.229465183,566,1368,0340,340
771,16433866.265118,16363.567931494,849,809,0012,12
772,16396234.560625,16342.262696712,260,1357,0937,937
773,16417371.783331,16354.233655118,567,1325,0271,271
774,16433852.772358,16363.56046837,850,752,0029,29
775,16417380.390704,16354.238265609,568,1280,0210,210
776,16396207.501846,16342.248787898,261,1314,0938,938
777,16433840.053837,16363.554611949,851,697,0054,54
778,16396213.63597,16342.253294301,262,1269,0939,939
779,16417373.084293,16354.234436834,569,1234,0157,157
780,16433832.117347,16363.551090898,852,642,0087,87
781,16396196.410993,16342.244498472,263,1223,0940,940
782,16396189.394799,16342.242285408,264,1173,0941,941
783,16433845.013312,16363.55834782,853,588,0128,128
784,16417379.257071,16354.237190261,570,1188,0158,158
785,16396179.638938,16342.237526435,265,1122,0942,942
786,16417392.171177,16354.242738638,571,1137,0159,159
787,16433835.54913,16363.554093413,854,535,0177,177
788,16396182.32953,16342.239717739,266,1070,0943,943
789,16417400.0641,16354.246607686,572,1085,0160,160
790,16433810.820002,16363.541739415,855,485,0234,234
791,16396165.983051,16342.231105237,267,1018,0944,944
792,16417397.727743,16354.245272438,573,1032,0161,161
793,16396156.086649,16342.227283696,268,963,0945,945
794,16396148.802811,16342.224867439,269,906,0946,946
795,16417408.88577,16354.250259087,574,977,0162,162
796,16433811.340595,16363.542650211,856,435,0299,299
797,16396354.469127,16342.34041002,270,848,0947,947
798,16417410.89375,16354.250910764,575,918,0163,163
799,16433807.467325,16363.541312034,857,386,0372,372
800,16417462.035138,16354.2801076,576,861,0164,164
801,16396350.603346,16342.337502463,271,791,0948,948
802,16433808.589442,16363.542413816,858,337,0453,453
803,16433810.379256,16363.543216538,859,289,0542,542
804,16396367.67999,16342.347271572,272,735,0949,949
805,16417454.867852,16354.27626184,577,803,0165,165
806,16396355.650909,16342.340552372,273,679,0950,950
807,16417457.132897,16354.277719279,578,746,0166,166
808,16436149.623554,16364.876396064,860,1590,1172,1172
809,16417450.325363,16354.274885196,579,691,0167,167
810,16417444.598969,16354.272584901,580,636,0168,168
811,16396369.074224,16342.347236764,274,624,0951,951
812,16433791.848986,16363.53339551,861,241,0639,639
813,16417443.556212,16354.272865729,581,581,0169,169
814,16396365.112645,16342.34484887,275,570,0952,952
815,16436163.380624,16364.882769218,862,1575,1039,1039
816,16433797.325844,16363.537363237,863,198,0744,744
817,16417421.79323,16354.261685134,582,528,0170,170
818,16396360.467946,16342.34294439,276,517,0953,953
819,16419718.674135,16355.575071162,583,1618,1791,1791
820,16396358.242628,16342.34147379,277,467,0954,954
821,16436160.643413,16364.88064521,864,1557,0914,914
822,16417434.748092,16354.269081369,584,478,0227,227
823,16433783.07498,16363.530710206,865,162,0857,857
824,16396371.342365,16342.348535169,278,417,0955,955
825,16419722.387104,16355.577291786,585,1613,1626,1626
826,16396364.614791,16342.344609049,279,368,0956,956
827,16436080.159863,16364.834840839,866,1536,0797,797
828,16396365.216031,16342.344788631,280,319,0957,957
829,16417428.527017,16354.265256904,586,428,0292,292
830,16433610.376772,16363.43481696,867,130,0978,978
831,16396369.714812,16342.346527555,281,271,0958,958
832,16419730.404032,16355.580655966,587,1606,1469,1469
833,16433616.595175,16363.439277503,868,100,1107,1107
834,16396375.060664,16342.349872813,282,223,0959,959
835,16417410.280045,16354.256752744,588,379,0365,365
836,16417411.486929,16354.259112196,589,330,0446,446
837,16436077.603568,16364.832972435,869,1513,0688,688
838,16396377.805966,16342.351008491,283,180,0960,960
839,16419737.41744,16355.583302779,590,1596,1320,1320
840,16433597.672007,16363.429483985,870,71,1244,1244
841,16398611.405211,16343.604735028,284,1497,0814,814
842,16417394.145442,16354.249729806,591,282,0535,535
843,16436089.136268,16364.837740128,871,1485,0587,587
844,16398591.326553,16343.594432274,285,1468,0815,815
845,16436114.001934,16364.849950423,872,1452,0494,494
846,16398584.081998,16343.592876574,286,1435,0816,816
847,16419755.233099,16355.592009209,592,1583,1179,1179
848,16398564.916004,16343.583632112,287,1397,0817,817
849,16417393.823891,16354.251113207,593,234,0632,632
850,16436107.919075,16364.845889066,873,1414,0409,409
851,16398559.783861,16343.58097031,288,1359,0818,818
852,16436106.392817,16364.845217729,874,1376,0332,332
853,16398559.585268,16343.581921943,289,1316,0819,819
854,16419763.640854,16355.595358639,594,1568,1046,1046
855,16417378.857714,16354.243174175,595,191,0737,737
856,16436124.425853,16364.85426491,875,1333,0263,263
857,16398556.414178,16343.580808799,290,1271,0820,820
858,16436134.049158,16364.857897262,876,1288,0202,202
859,16398544.305886,16343.57487899,291,1225,0821,821
860,16419753.929034,16355.589581109,596,1550,0921,921
861,16436134.393693,16364.857141836,877,1242,0149,149
862,16398531.482746,16343.56877342,292,1177,0822,822
863,16417396.891385,16354.252607117,597,155,0850,850
864,16436147.771366,16364.863675385,878,1196,0104,104
865,16419669.736103,16355.54166723,598,1529,0804,804
866,16398536.824056,16343.572880552,293,1125,0823,823
867,16436154.766439,16364.867113082,879,1144,0067,67
868,16417216.273449,16354.150712208,599,123,0971,971
869,16436157.420992,16364.867083319,880,1092,0038,38
870,16398519.95283,16343.564049233,294,1074,0824,824
871,16424468.390325,16358.249961272,702,531,0173,173
872,16417211.888219,16354.149440643,600,93,1100,1100
873,16398516.32839,16343.562564931,295,1021,0825,825
874,16436172.240106,16364.874504864,881,1039,0017,17
875,16398517.305871,16343.563665047,296,966,0826,826
876,16424467.407708,16358.250431977,703,481,0230,230
877,16419672.49615,16355.542829284,601,1506,0695,695
878,16436166.673589,16364.870875027,882,983,0016,16
879,16398505.445012,16343.55832568,297,908,0827,827
880,16436177.990695,16364.876441655,883,925,0015,15
881,16426758.349871,16359.561215558,704,1616,1623,1623
882,16398681.062674,16343.65905204,298,850,0828,828
883,16436198.637278,16364.888467742,884,867,0014,14
884,16436203.622621,16364.891494149,885,810,0013,13
885,16424438.989305,16358.236273733,705,431,0295,295
886,16398673.191739,16343.654865473,299,793,0829,829
887,16436196.887949,16364.887878886,886,753,0030,30
888,16398683.181642,16343.659711559,300,736,0830,830
889,16436178.420564,16364.878799808,887,698,0055,55
890,16436179.093722,16364.880451277,888,643,0088,88
891,16398690.535261,16343.663913908,301,681,0831,831
892,16426750.917068,16359.555844551,706,1609,1466,1466
893,16436179.994872,16364.880880931,889,589,0129,129
894,16424439.277583,16358.236981116,707,382,0368,368
895,16436178.680868,16364.879649705,890,536,0178,178
896,16424436.49096,16358.236176352,708,333,0449,449
897,16436168.702937,16364.875051513,891,486,0235,235
898,16426778.491133,16359.5701359,709,1599,1317,1317
899,16436155.593778,16364.869869256,892,436,0300,300
900,16436150.323187,16364.867461228,893,387,0373,373
901,16436158.532554,16364.871634409,894,338,0454,454
902,16424440.388906,16358.237860545,710,285,0538,538
903,16436149.834276,16364.868345714,895,290,0543,543
904,16436128.093232,16364.857643156,896,242,0640,640
905,16426781.889941,16359.571016462,711,1586,1176,1176
906,16438503.790246,16366.208399946,897,1576,1038,1038
907,16424425.646956,16358.230177091,712,237,0635,635
908,16436128.793728,16364.858588615,898,199,0745,745
909,16426780.823197,16359.570251342,713,1571,1043,1043
910,16438497.078622,16366.204332454,899,1558,0913,913
911,16424422.704814,16358.230006765,714,194,0740,740
912,16436123.902716,16364.855982154,900,163,0858,858
913,16438420.567911,16366.16047049,901,1537,0796,796
914,16426791.917765,16359.576239604,715,1553,0918,918
915,16424417.818264,16358.227444089,716,158,0853,853
916,16426693.864281,16359.520497891,717,1532,0801,801
917,16424253.264334,16358.134570341,718,126,0974,974
918,16424236.678153,16358.127347476,719,96,1103,1103
919,16426698.845022,16359.521657859,720,1509,0692,692
920,16424227.226234,16358.123503889,721,67,1240,1240
921,16426708.3877,16359.526260485,722,1481,0591,591
922,16426726.443319,16359.535557269,723,1448,0498,498
923,16426729.678284,16359.535771368,724,1410,0413,413
924,16426738.250896,16359.539909387,725,1372,0336,336
925,16426738.18008,16359.539069697,726,1329,0267,267
926,16426744.491398,16359.54173169,727,1284,0206,206
927,16426759.435431,16359.548921728,728,1238,0153,153
928,16426765.06946,16359.551670767,729,1192,0108,108
929,16426757.90132,16359.547113074,730,1140,0071,71
930,16426783.27374,16359.559027901,731,1088,0042,42
931,16426792.961496,16359.563529643,732,1035,0021,21
932,16426791.992879,16359.562823962,733,981,0022,22
933,16426803.291336,16359.567468907,734,923,0023,23
934,16426838.768654,16359.587901458,735,865,0024,24
935,16426827.254723,16359.58287798,736,806,0025,25
936,16426826.121794,16359.58238661,737,749,0026,26
937,16426820.6479,16359.579403978,738,694,0051,51
938,16426821.670753,16359.580274874,739,639,0084,84
939,16426812.632989,16359.576362095,740,585,0125,125
940,16426798.624337,16359.570203668,741,532,0174,174
941,16426803.453939,16359.573601818,742,482,0231,231
942,16426797.233259,16359.569777188,743,432,0296,296
943,16429101.311007,16360.886503762,744,1610,1465,1465
944,16426789.347237,16359.566200603,745,383,0369,369
945,16426779.705763,16359.562468189,746,334,0450,450
946,16429116.427255,16360.893768343,747,1600,1316,1316
947,16426775.168613,16359.561223367,748,286,0539,539
948,16429127.44361,16360.899559913,749,1587,1175,1175
949,16426760.986409,16359.553540338,750,238,0636,636
950,16429123.634565,16360.896909868,751,1572,1042,1042
951,16426765.623708,16359.556391344,752,195,0741,741
952,16429127.678235,16360.898899141,753,1554,0917,917
953,16426755.505496,16359.552056356,754,159,0854,854
954,16429048.892487,16360.853153052,755,1533,0800,800
955,16426579.345147,16359.453002984,756,127,0975,975
956,16426595.788413,16359.462349124,757,97,1104,1104
957,16429040.731114,16360.848145637,758,1510,0691,691
958,16426571.892231,16359.449709804,759,68,1241,1241
959,16429051.675577,16360.853831971,760,1482,0590,590
960,16429069.496424,16360.86210124,761,1449,0497,497
961,16429069.35367,16360.861068312,762,1411,0412,412
962,16429078.436276,16360.865424656,763,1373,0335,335
963,16429086.375567,16360.867828768,764,1330,0266,266
964,16429103.208847,16360.876163575,765,1285,0205,205
965,16429109.070067,16360.879462158,766,1239,0152,152
966,16429104.991004,16360.876106794,767,1193,0107,107
967,16429112.735247,16360.879651681,768,1141,0070,70
968,16429123.756706,16360.885620318,769,1089,0041,41
969,16429118.563509,16360.882019894,770,1036,0020,20
970,16429139.559105,16360.892233895,771,976,0007,7
971,16429145.608849,16360.893903796,772,919,0008,8
972,16429190.200984,16360.918436913,773,860,0009,9
973,16429173.196747,16360.910339231,774,807,0010,10
974,16429166.157756,16360.907797287,775,750,0027,27
975,16429162.511625,16360.905839443,776,695,0052,52
976,16429146.043888,16360.897491519,777,640,0085,85
977,16429157.299911,16360.904697868,778,586,0126,126
978,16429144.555707,16360.897662297,779,533,0175,175
979,16429139.802122,16360.895989199,780,483,0232,232
980,16429137.151773,16360.896067919,781,433,0297,297
981,16431447.403423,16362.216251026,782,1611,1464,1464
982,16429118.559962,16360.886445957,783,384,0370,370
983,16431435.171109,16362.209346327,784,1601,1315,1315
984,16429125.383129,16360.889830225,785,335,0451,451
985,16429125.234434,16360.890445021,786,287,0540,540
986,16431456.970391,16362.220279128,787,1588,1174,1174
987,16429105.672553,16360.880948361,788,239,0637,637
988,16431459.431135,16362.220541414,789,1573,1041,1041
989,16429113.449116,16360.885615974,790,196,0742,742
990,16431472.554694,16362.226471857,791,1555,0916,916
991,16429095.792636,16360.876123011,792,160,0855,855
992,16431392.60426,16362.180668112,793,1534,0799,799
993,16428925.565436,16360.782228471,794,128,0976,976
994,16428924.508392,16360.782868145,795,98,1105,1105
995,16431381.163189,16362.173774409,796,1511,0690,690
996,16428908.423209,16360.774050359,797,69,1242,1242
997,16431403.413532,16362.184596687,798,1483,0589,589
998,16431420.827745,16362.192919818,799,1450,0496,496
999,16431419.82628,16362.191720127,800,1412,0411,411
1000,16431422.707328,16362.192022956,801,1374,0334,334
